Date,Station,Region,Fuel_Type,Liters_Sold,Price_per_Liter,Cost_per_Liter,Revenue,Cost,Profit,Delivery volume,Delivery Cost,Delivery Efficiency,Month
4/12/24,Station 15,Central,Petrol,3116,1.25,1.05,3895,3271.8,623.2,3116,155.8,0.04,Apr
12/14/24,Station 4,Central,LPG,1387,0.9,0.7,1248.3,970.9,277.4,1387,69.35,0.06,Dec
9/27/24,Station 13,Central,Petrol,3604,1.25,1.05,4505,3784.2,720.8,3604,180.2,0.04,Sep
4/16/24,Station 11,Western,Diesel,5937,1.2,1,7124.4,5937,1187.4,5937,296.85,0.04,Apr
3/12/24,Station 3,Eastern,LPG,549,0.9,0.7,494.1,384.3,109.8,549,27.45,0.06,Mar
7/7/24,Station 1,Western,Diesel,4451,1.2,1,5341.2,4451,890.2,4451,222.55,0.04,Jul
1/21/24,Station 6,Greater Accra,LPG,4060,0.9,0.7,3654,2842,812,4060,203,0.06,Jan
4/12/24,Station 2,Central,Petrol,518,1.25,1.05,647.5,543.9,103.6,518,25.9,0.04,Apr
5/1/24,Station 8,Western,Petrol,5321,1.25,1.05,6651.25,5587.05,1064.2,5321,266.05,0.04,May
8/2/24,Station 10,Western,Petrol,1973,1.25,1.05,2466.25,2071.65,394.6,1973,98.65,0.04,Aug
11/26/24,Station 5,Greater Accra,Diesel,4561,1.2,1,5473.2,4561,912.2,4561,228.05,0.04,Nov
3/28/24,Station 7,Ashanti,LPG,3106,0.9,0.7,2795.4,2174.2,621.2,3106,155.3,0.06,Mar
4/9/24,Station 10,Eastern,Petrol,951,1.25,1.05,1188.75,998.55,190.2,951,47.55,0.04,Apr
12/25/24,Station 12,Ashanti,Diesel,5760,1.2,1,6912,5760,1152,5760,288,0.04,Dec
5/31/24,Station 2,Central,Petrol,5703,1.25,1.05,7128.75,5988.15,1140.6,5703,285.15,0.04,May
5/10/24,Station 13,Western,Diesel,4265,1.2,1,5118,4265,853,4265,213.25,0.04,May
5/29/24,Station 8,Greater Accra,Petrol,2938,1.25,1.05,3672.5,3084.9,587.6,2938,146.9,0.04,May
11/4/24,Station 2,Greater Accra,LPG,4810,0.9,0.7,4329,3367,962,4810,240.5,0.06,Nov
9/14/24,Station 4,Eastern,Diesel,2049,1.2,1,2458.8,2049,409.8,2049,102.45,0.04,Sep
12/9/24,Station 1,Ashanti,Petrol,3974,1.25,1.05,4967.5,4172.7,794.8,3974,198.7,0.04,Dec
10/20/24,Station 15,Eastern,Petrol,627,1.25,1.05,783.75,658.35,125.4,627,31.35,0.04,Oct
7/10/24,Station 5,Western,Petrol,5355,1.25,1.05,6693.75,5622.75,1071,5355,267.75,0.04,Jul
10/3/24,Station 9,Eastern,Petrol,3261,1.25,1.05,4076.25,3424.05,652.2,3261,163.05,0.04,Oct
6/9/24,Station 1,Greater Accra,Petrol,4956,1.25,1.05,6195,5203.8,991.2,4956,247.8,0.04,Jun
11/9/24,Station 9,Greater Accra,LPG,5164,0.9,0.7,4647.6,3614.8,1032.8,5164,258.2,0.06,Nov
1/22/24,Station 11,Central,Diesel,1915,1.2,1,2298,1915,383,1915,95.75,0.04,Jan
9/9/24,Station 15,Central,Diesel,701,1.2,1,841.2,701,140.2,701,35.05,0.04,Sep
8/23/24,Station 8,Western,Petrol,2869,1.25,1.05,3586.25,3012.45,573.8,2869,143.45,0.04,Aug
12/10/24,Station 6,Ashanti,LPG,1017,0.9,0.7,915.3,711.9,203.4,1017,50.85,0.06,Dec
2/18/24,Station 7,Eastern,Diesel,5944,1.2,1,7132.8,5944,1188.8,5944,297.2,0.04,Feb
2/28/24,Station 3,Western,Petrol,1841,1.25,1.05,2301.25,1933.05,368.2,1841,92.05,0.04,Feb
6/18/24,Station 14,Central,Diesel,5276,1.2,1,6331.2,5276,1055.2,5276,263.8,0.04,Jun
7/6/24,Station 15,Eastern,Diesel,2488,1.2,1,2985.6,2488,497.6,2488,124.4,0.04,Jul
9/27/24,Station 1,Central,Petrol,4045,1.25,1.05,5056.25,4247.25,809,4045,202.25,0.04,Sep
7/8/24,Station 5,Eastern,Petrol,5020,1.25,1.05,6275,5271,1004,5020,251,0.04,Jul
6/23/24,Station 14,Ashanti,Petrol,4302,1.25,1.05,5377.5,4517.1,860.4,4302,215.1,0.04,Jun
2/20/24,Station 12,Western,Petrol,3775,1.25,1.05,4718.75,3963.75,755,3775,188.75,0.04,Feb
12/29/24,Station 12,Eastern,LPG,4154,0.9,0.7,3738.6,2907.8,830.8,4154,207.7,0.06,Dec
2/24/24,Station 2,Greater Accra,Diesel,2934,1.2,1,3520.8,2934,586.8,2934,146.7,0.04,Feb
8/31/24,Station 14,Greater Accra,Diesel,5373,1.2,1,6447.6,5373,1074.6,5373,268.65,0.04,Aug
11/15/24,Station 5,Eastern,Petrol,707,1.25,1.05,883.75,742.35,141.4,707,35.35,0.04,Nov
5/10/24,Station 8,Eastern,Petrol,3133,1.25,1.05,3916.25,3289.65,626.6,3133,156.65,0.04,May
11/2/24,Station 11,Eastern,Diesel,4617,1.2,1,5540.4,4617,923.4,4617,230.85,0.04,Nov
5/14/24,Station 9,Greater Accra,Diesel,653,1.2,1,783.6,653,130.6,653,32.65,0.04,May
1/21/24,Station 2,Greater Accra,Petrol,3866,1.25,1.05,4832.5,4059.3,773.2,3866,193.3,0.04,Jan
11/24/24,Station 12,Eastern,Diesel,4814,1.2,1,5776.8,4814,962.8,4814,240.7,0.04,Nov
6/15/24,Station 3,Central,Diesel,5264,1.2,1,6316.8,5264,1052.8,5264,263.2,0.04,Jun
9/30/24,Station 3,Central,Petrol,2018,1.25,1.05,2522.5,2118.9,403.6,2018,100.9,0.04,Sep
3/29/24,Station 1,Ashanti,Petrol,3100,1.25,1.05,3875,3255,620,3100,155,0.04,Mar
11/11/24,Station 8,Western,Diesel,5545,1.2,1,6654,5545,1109,5545,277.25,0.04,Nov
1/14/24,Station 6,Central,Petrol,2695,1.25,1.05,3368.75,2829.75,539,2695,134.75,0.04,Jan
8/29/24,Station 12,Greater Accra,Petrol,4998,1.25,1.05,6247.5,5247.9,999.6,4998,249.9,0.04,Aug
9/21/24,Station 13,Central,Petrol,5191,1.25,1.05,6488.75,5450.55,1038.2,5191,259.55,0.04,Sep
12/11/24,Station 8,Ashanti,Petrol,4054,1.25,1.05,5067.5,4256.7,810.8,4054,202.7,0.04,Dec
2/22/24,Station 11,Ashanti,Diesel,2914,1.2,1,3496.8,2914,582.8,2914,145.7,0.04,Feb
12/5/24,Station 9,Western,Diesel,3349,1.2,1,4018.8,3349,669.8,3349,167.45,0.04,Dec
4/1/24,Station 5,Central,Petrol,5753,1.25,1.05,7191.25,6040.65,1150.6,5753,287.65,0.04,Apr
9/20/24,Station 14,Greater Accra,LPG,2242,0.9,0.7,2017.8,1569.4,448.4,2242,112.1,0.06,Sep
2/4/24,Station 12,Greater Accra,LPG,1806,0.9,0.7,1625.4,1264.2,361.2,1806,90.3,0.06,Feb
7/24/24,Station 14,Eastern,LPG,4349,0.9,0.7,3914.1,3044.3,869.8,4349,217.45,0.06,Jul
3/21/24,Station 3,Greater Accra,Petrol,4668,1.25,1.05,5835,4901.4,933.6,4668,233.4,0.04,Mar
2/19/24,Station 5,Western,Petrol,5076,1.25,1.05,6345,5329.8,1015.2,5076,253.8,0.04,Feb
12/25/24,Station 5,Western,LPG,5155,0.9,0.7,4639.5,3608.5,1031,5155,257.75,0.06,Dec
1/2/24,Station 5,Greater Accra,Diesel,5340,1.2,1,6408,5340,1068,5340,267,0.04,Jan
2/23/24,Station 3,Greater Accra,Petrol,4695,1.25,1.05,5868.75,4929.75,939,4695,234.75,0.04,Feb
4/15/24,Station 11,Eastern,Petrol,5678,1.25,1.05,7097.5,5961.9,1135.6,5678,283.9,0.04,Apr
9/16/24,Station 14,Greater Accra,Petrol,3055,1.25,1.05,3818.75,3207.75,611,3055,152.75,0.04,Sep
11/5/24,Station 10,Eastern,LPG,2805,0.9,0.7,2524.5,1963.5,561,2805,140.25,0.06,Nov
7/9/24,Station 14,Eastern,Diesel,5008,1.2,1,6009.6,5008,1001.6,5008,250.4,0.04,Jul
8/5/24,Station 4,Greater Accra,Petrol,1588,1.25,1.05,1985,1667.4,317.6,1588,79.4,0.04,Aug
2/13/24,Station 9,Ashanti,Petrol,3142,1.25,1.05,3927.5,3299.1,628.4,3142,157.1,0.04,Feb
6/10/24,Station 13,Ashanti,Diesel,1677,1.2,1,2012.4,1677,335.4,1677,83.85,0.04,Jun
7/20/24,Station 10,Eastern,Diesel,5416,1.2,1,6499.2,5416,1083.2,5416,270.8,0.04,Jul
9/26/24,Station 9,Greater Accra,Petrol,5257,1.25,1.05,6571.25,5519.85,1051.4,5257,262.85,0.04,Sep
12/16/24,Station 2,Ashanti,Diesel,3494,1.2,1,4192.8,3494,698.8,3494,174.7,0.04,Dec
10/30/24,Station 8,Greater Accra,LPG,1059,0.9,0.7,953.1,741.3,211.8,1059,52.95,0.06,Oct
9/27/24,Station 8,Greater Accra,Petrol,3464,1.25,1.05,4330,3637.2,692.8,3464,173.2,0.04,Sep
8/2/24,Station 7,Greater Accra,Diesel,1771,1.2,1,2125.2,1771,354.2,1771,88.55,0.04,Aug
9/8/24,Station 8,Central,Petrol,2313,1.25,1.05,2891.25,2428.65,462.6,2313,115.65,0.04,Sep
7/8/24,Station 14,Greater Accra,Diesel,3415,1.2,1,4098,3415,683,3415,170.75,0.04,Jul
10/22/24,Station 3,Central,Diesel,1109,1.2,1,1330.8,1109,221.8,1109,55.45,0.04,Oct
7/31/24,Station 13,Eastern,Diesel,2961,1.2,1,3553.2,2961,592.2,2961,148.05,0.04,Jul
7/26/24,Station 6,Ashanti,Diesel,4620,1.2,1,5544,4620,924,4620,231,0.04,Jul
8/24/24,Station 1,Ashanti,Petrol,783,1.25,1.05,978.75,822.15,156.6,783,39.15,0.04,Aug
12/3/24,Station 7,Ashanti,LPG,3428,0.9,0.7,3085.2,2399.6,685.6,3428,171.4,0.06,Dec
2/22/24,Station 15,Ashanti,Diesel,4896,1.2,1,5875.2,4896,979.2,4896,244.8,0.04,Feb
10/6/24,Station 15,Ashanti,Petrol,1591,1.25,1.05,1988.75,1670.55,318.2,1591,79.55,0.04,Oct
8/4/24,Station 1,Ashanti,Diesel,5626,1.2,1,6751.2,5626,1125.2,5626,281.3,0.04,Aug
9/8/24,Station 9,Ashanti,Diesel,1316,1.2,1,1579.2,1316,263.2,1316,65.8,0.04,Sep
7/6/24,Station 1,Eastern,Petrol,582,1.25,1.05,727.5,611.1,116.4,582,29.1,0.04,Jul
2/10/24,Station 1,Greater Accra,LPG,2420,0.9,0.7,2178,1694,484,2420,121,0.06,Feb
6/5/24,Station 15,Western,LPG,3991,0.9,0.7,3591.9,2793.7,798.2,3991,199.55,0.06,Jun
1/15/24,Station 7,Central,Petrol,3644,1.25,1.05,4555,3826.2,728.8,3644,182.2,0.04,Jan
10/27/24,Station 2,Western,LPG,2593,0.9,0.7,2333.7,1815.1,518.6,2593,129.65,0.06,Oct
3/5/24,Station 14,Western,Petrol,5213,1.25,1.05,6516.25,5473.65,1042.6,5213,260.65,0.04,Mar
12/10/24,Station 5,Greater Accra,Petrol,675,1.25,1.05,843.75,708.75,135,675,33.75,0.04,Dec
11/22/24,Station 8,Greater Accra,Petrol,5785,1.25,1.05,7231.25,6074.25,1157,5785,289.25,0.04,Nov
1/9/24,Station 8,Greater Accra,LPG,3204,0.9,0.7,2883.6,2242.8,640.8,3204,160.2,0.06,Jan
12/9/24,Station 3,Ashanti,Diesel,5437,1.2,1,6524.4,5437,1087.4,5437,271.85,0.04,Dec
5/8/24,Station 7,Eastern,Petrol,869,1.25,1.05,1086.25,912.45,173.8,869,43.45,0.04,May
5/15/24,Station 3,Ashanti,Petrol,2318,1.25,1.05,2897.5,2433.9,463.6,2318,115.9,0.04,May
3/3/24,Station 6,Eastern,Diesel,2601,1.2,1,3121.2,2601,520.2,2601,130.05,0.04,Mar
5/18/24,Station 6,Eastern,Petrol,5285,1.25,1.05,6606.25,5549.25,1057,5285,264.25,0.04,May
3/21/24,Station 3,Western,LPG,3990,0.9,0.7,3591,2793,798,3990,199.5,0.06,Mar
6/11/24,Station 7,Western,Diesel,2279,1.2,1,2734.8,2279,455.8,2279,113.95,0.04,Jun
10/15/24,Station 3,Eastern,Diesel,1864,1.2,1,2236.8,1864,372.8,1864,93.2,0.04,Oct
9/17/24,Station 8,Eastern,LPG,4962,0.9,0.7,4465.8,3473.4,992.4,4962,248.1,0.06,Sep
8/18/24,Station 10,Ashanti,Petrol,3842,1.25,1.05,4802.5,4034.1,768.4,3842,192.1,0.04,Aug
2/10/24,Station 4,Ashanti,LPG,5239,0.9,0.7,4715.1,3667.3,1047.8,5239,261.95,0.06,Feb
1/28/24,Station 15,Western,Diesel,4176,1.2,1,5011.2,4176,835.2,4176,208.8,0.04,Jan
5/14/24,Station 15,Greater Accra,Diesel,2926,1.2,1,3511.2,2926,585.2,2926,146.3,0.04,May
7/19/24,Station 13,Eastern,Petrol,572,1.25,1.05,715,600.6,114.4,572,28.6,0.04,Jul
11/23/24,Station 1,Ashanti,LPG,3462,0.9,0.7,3115.8,2423.4,692.4,3462,173.1,0.06,Nov
9/24/24,Station 4,Western,Petrol,5867,1.25,1.05,7333.75,6160.35,1173.4,5867,293.35,0.04,Sep
2/2/24,Station 14,Ashanti,Petrol,1359,1.25,1.05,1698.75,1426.95,271.8,1359,67.95,0.04,Feb
2/17/24,Station 7,Eastern,Petrol,4356,1.25,1.05,5445,4573.8,871.2,4356,217.8,0.04,Feb
3/2/24,Station 11,Eastern,Diesel,4638,1.2,1,5565.6,4638,927.6,4638,231.9,0.04,Mar
8/3/24,Station 4,Central,Diesel,2924,1.2,1,3508.8,2924,584.8,2924,146.2,0.04,Aug
10/19/24,Station 13,Greater Accra,Diesel,1564,1.2,1,1876.8,1564,312.8,1564,78.2,0.04,Oct
4/8/24,Station 6,Central,LPG,2717,0.9,0.7,2445.3,1901.9,543.4,2717,135.85,0.06,Apr
6/20/24,Station 9,Western,Petrol,4517,1.25,1.05,5646.25,4742.85,903.4,4517,225.85,0.04,Jun
12/25/24,Station 1,Ashanti,Diesel,2759,1.2,1,3310.8,2759,551.8,2759,137.95,0.04,Dec
8/1/24,Station 13,Western,Petrol,4251,1.25,1.05,5313.75,4463.55,850.2,4251,212.55,0.04,Aug
2/4/24,Station 5,Eastern,LPG,2586,0.9,0.7,2327.4,1810.2,517.2,2586,129.3,0.06,Feb
8/14/24,Station 11,Central,Diesel,868,1.2,1,1041.6,868,173.6,868,43.4,0.04,Aug
4/10/24,Station 7,Central,Diesel,3304,1.2,1,3964.8,3304,660.8,3304,165.2,0.04,Apr
5/10/24,Station 1,Central,Diesel,650,1.2,1,780,650,130,650,32.5,0.04,May
9/13/24,Station 14,Western,Petrol,1634,1.25,1.05,2042.5,1715.7,326.8,1634,81.7,0.04,Sep
1/5/24,Station 4,Eastern,Petrol,5666,1.25,1.05,7082.5,5949.3,1133.2,5666,283.3,0.04,Jan
8/5/24,Station 6,Ashanti,Diesel,5619,1.2,1,6742.8,5619,1123.8,5619,280.95,0.04,Aug
9/11/24,Station 2,Ashanti,Petrol,3284,1.25,1.05,4105,3448.2,656.8,3284,164.2,0.04,Sep
12/24/24,Station 10,Western,Petrol,5985,1.25,1.05,7481.25,6284.25,1197,5985,299.25,0.04,Dec
10/9/24,Station 5,Central,Petrol,4664,1.25,1.05,5830,4897.2,932.8,4664,233.2,0.04,Oct
7/25/24,Station 11,Greater Accra,Diesel,2846,1.2,1,3415.2,2846,569.2,2846,142.3,0.04,Jul
1/15/24,Station 10,Western,Petrol,5539,1.25,1.05,6923.75,5815.95,1107.8,5539,276.95,0.04,Jan
12/11/24,Station 1,Western,Petrol,5397,1.25,1.05,6746.25,5666.85,1079.4,5397,269.85,0.04,Dec
2/11/24,Station 6,Eastern,Diesel,2750,1.2,1,3300,2750,550,2750,137.5,0.04,Feb
6/27/24,Station 6,Ashanti,Diesel,560,1.2,1,672,560,112,560,28,0.04,Jun
3/3/24,Station 13,Western,Petrol,5541,1.25,1.05,6926.25,5818.05,1108.2,5541,277.05,0.04,Mar
12/17/24,Station 15,Western,Petrol,3510,1.25,1.05,4387.5,3685.5,702,3510,175.5,0.04,Dec
8/18/24,Station 15,Central,Petrol,4401,1.25,1.05,5501.25,4621.05,880.2,4401,220.05,0.04,Aug
8/28/24,Station 4,Central,Petrol,1837,1.25,1.05,2296.25,1928.85,367.4,1837,91.85,0.04,Aug
2/21/24,Station 13,Greater Accra,Petrol,1684,1.25,1.05,2105,1768.2,336.8,1684,84.2,0.04,Feb
4/5/24,Station 8,Eastern,Diesel,4926,1.2,1,5911.2,4926,985.2,4926,246.3,0.04,Apr
8/9/24,Station 4,Greater Accra,Diesel,2051,1.2,1,2461.2,2051,410.2,2051,102.55,0.04,Aug
8/18/24,Station 8,Central,Diesel,4933,1.2,1,5919.6,4933,986.6,4933,246.65,0.04,Aug
8/24/24,Station 15,Ashanti,Petrol,2129,1.25,1.05,2661.25,2235.45,425.8,2129,106.45,0.04,Aug
5/22/24,Station 13,Central,Diesel,1827,1.2,1,2192.4,1827,365.4,1827,91.35,0.04,May
6/19/24,Station 8,Eastern,Petrol,2026,1.25,1.05,2532.5,2127.3,405.2,2026,101.3,0.04,Jun
1/29/24,Station 5,Central,LPG,2173,0.9,0.7,1955.7,1521.1,434.6,2173,108.65,0.06,Jan
2/5/24,Station 13,Eastern,Diesel,1861,1.2,1,2233.2,1861,372.2,1861,93.05,0.04,Feb
1/13/24,Station 15,Eastern,Petrol,2073,1.25,1.05,2591.25,2176.65,414.6,2073,103.65,0.04,Jan
6/8/24,Station 4,Eastern,Diesel,3186,1.2,1,3823.2,3186,637.2,3186,159.3,0.04,Jun
11/22/24,Station 12,Eastern,Petrol,4870,1.25,1.05,6087.5,5113.5,974,4870,243.5,0.04,Nov
7/5/24,Station 13,Eastern,Diesel,5783,1.2,1,6939.6,5783,1156.6,5783,289.15,0.04,Jul
8/30/24,Station 2,Ashanti,Petrol,2866,1.25,1.05,3582.5,3009.3,573.2,2866,143.3,0.04,Aug
3/26/24,Station 11,Greater Accra,Petrol,4257,1.25,1.05,5321.25,4469.85,851.4,4257,212.85,0.04,Mar
10/10/24,Station 15,Western,LPG,2934,0.9,0.7,2640.6,2053.8,586.8,2934,146.7,0.06,Oct
3/6/24,Station 3,Greater Accra,Petrol,2493,1.25,1.05,3116.25,2617.65,498.6,2493,124.65,0.04,Mar
6/18/24,Station 3,Eastern,Diesel,1369,1.2,1,1642.8,1369,273.8,1369,68.45,0.04,Jun
2/14/24,Station 4,Ashanti,Petrol,1514,1.25,1.05,1892.5,1589.7,302.8,1514,75.7,0.04,Feb
3/2/24,Station 4,Central,Diesel,2411,1.2,1,2893.2,2411,482.2,2411,120.55,0.04,Mar
5/13/24,Station 10,Ashanti,Diesel,1102,1.2,1,1322.4,1102,220.4,1102,55.1,0.04,May
10/10/24,Station 11,Eastern,Diesel,4321,1.2,1,5185.2,4321,864.2,4321,216.05,0.04,Oct
1/28/24,Station 11,Ashanti,Petrol,1190,1.25,1.05,1487.5,1249.5,238,1190,59.5,0.04,Jan
4/17/24,Station 5,Ashanti,Petrol,993,1.25,1.05,1241.25,1042.65,198.6,993,49.65,0.04,Apr
2/13/24,Station 4,Eastern,Petrol,989,1.25,1.05,1236.25,1038.45,197.8,989,49.45,0.04,Feb
12/5/24,Station 11,Ashanti,Petrol,3056,1.25,1.05,3820,3208.8,611.2,3056,152.8,0.04,Dec
10/12/24,Station 14,Western,Diesel,4985,1.2,1,5982,4985,997,4985,249.25,0.04,Oct
11/26/24,Station 10,Western,LPG,794,0.9,0.7,714.6,555.8,158.8,794,39.7,0.06,Nov
5/7/24,Station 8,Ashanti,LPG,5988,0.9,0.7,5389.2,4191.6,1197.6,5988,299.4,0.06,May
12/13/24,Station 6,Central,Diesel,4527,1.2,1,5432.4,4527,905.4,4527,226.35,0.04,Dec
8/18/24,Station 6,Eastern,Diesel,3343,1.2,1,4011.6,3343,668.6,3343,167.15,0.04,Aug
7/8/24,Station 8,Western,Diesel,3412,1.2,1,4094.4,3412,682.4,3412,170.6,0.04,Jul
8/12/24,Station 7,Central,Petrol,2217,1.25,1.05,2771.25,2327.85,443.4,2217,110.85,0.04,Aug
10/9/24,Station 15,Ashanti,LPG,3096,0.9,0.7,2786.4,2167.2,619.2,3096,154.8,0.06,Oct
4/30/24,Station 10,Central,Diesel,5244,1.2,1,6292.8,5244,1048.8,5244,262.2,0.04,Apr
4/25/24,Station 14,Greater Accra,Diesel,2373,1.2,1,2847.6,2373,474.6,2373,118.65,0.04,Apr
8/20/24,Station 11,Western,Petrol,5163,1.25,1.05,6453.75,5421.15,1032.6,5163,258.15,0.04,Aug
9/15/24,Station 12,Ashanti,Petrol,3758,1.25,1.05,4697.5,3945.9,751.6,3758,187.9,0.04,Sep
12/24/24,Station 10,Eastern,Petrol,3317,1.25,1.05,4146.25,3482.85,663.4,3317,165.85,0.04,Dec
7/16/24,Station 13,Ashanti,LPG,944,0.9,0.7,849.6,660.8,188.8,944,47.2,0.06,Jul
5/16/24,Station 8,Eastern,Diesel,4141,1.2,1,4969.2,4141,828.2,4141,207.05,0.04,May
11/13/24,Station 14,Ashanti,Petrol,4958,1.25,1.05,6197.5,5205.9,991.6,4958,247.9,0.04,Nov
6/13/24,Station 2,Central,LPG,5807,0.9,0.7,5226.3,4064.9,1161.4,5807,290.35,0.06,Jun
8/12/24,Station 9,Central,Petrol,1241,1.25,1.05,1551.25,1303.05,248.2,1241,62.05,0.04,Aug
11/2/24,Station 1,Central,Petrol,2541,1.25,1.05,3176.25,2668.05,508.2,2541,127.05,0.04,Nov
8/21/24,Station 15,Greater Accra,Petrol,1179,1.25,1.05,1473.75,1237.95,235.8,1179,58.95,0.04,Aug
6/20/24,Station 8,Eastern,Diesel,2967,1.2,1,3560.4,2967,593.4,2967,148.35,0.04,Jun
5/31/24,Station 12,Central,LPG,4197,0.9,0.7,3777.3,2937.9,839.4,4197,209.85,0.06,May
11/10/24,Station 11,Greater Accra,Petrol,1858,1.25,1.05,2322.5,1950.9,371.6,1858,92.9,0.04,Nov
6/8/24,Station 12,Eastern,LPG,562,0.9,0.7,505.8,393.4,112.4,562,28.1,0.06,Jun
4/5/24,Station 12,Ashanti,Petrol,3059,1.25,1.05,3823.75,3211.95,611.8,3059,152.95,0.04,Apr
8/20/24,Station 4,Greater Accra,LPG,5758,0.9,0.7,5182.2,4030.6,1151.6,5758,287.9,0.06,Aug
6/28/24,Station 4,Western,Diesel,4269,1.2,1,5122.8,4269,853.8,4269,213.45,0.04,Jun
4/22/24,Station 5,Greater Accra,Diesel,5824,1.2,1,6988.8,5824,1164.8,5824,291.2,0.04,Apr
11/13/24,Station 8,Greater Accra,Petrol,4851,1.25,1.05,6063.75,5093.55,970.2,4851,242.55,0.04,Nov
2/21/24,Station 5,Eastern,LPG,634,0.9,0.7,570.6,443.8,126.8,634,31.7,0.06,Feb
9/24/24,Station 8,Ashanti,Diesel,4144,1.2,1,4972.8,4144,828.8,4144,207.2,0.04,Sep
10/21/24,Station 15,Western,Petrol,5470,1.25,1.05,6837.5,5743.5,1094,5470,273.5,0.04,Oct
4/22/24,Station 10,Central,Diesel,5417,1.2,1,6500.4,5417,1083.4,5417,270.85,0.04,Apr
4/10/24,Station 1,Central,Petrol,2635,1.25,1.05,3293.75,2766.75,527,2635,131.75,0.04,Apr
4/22/24,Station 12,Greater Accra,LPG,3778,0.9,0.7,3400.2,2644.6,755.6,3778,188.9,0.06,Apr
3/21/24,Station 15,Eastern,Petrol,1322,1.25,1.05,1652.5,1388.1,264.4,1322,66.1,0.04,Mar
7/5/24,Station 10,Eastern,Diesel,3574,1.2,1,4288.8,3574,714.8,3574,178.7,0.04,Jul
4/22/24,Station 9,Central,Diesel,5569,1.2,1,6682.8,5569,1113.8,5569,278.45,0.04,Apr
1/2/24,Station 6,Western,Petrol,3481,1.25,1.05,4351.25,3655.05,696.2,3481,174.05,0.04,Jan
5/9/24,Station 3,Ashanti,Petrol,620,1.25,1.05,775,651,124,620,31,0.04,May
8/7/24,Station 13,Western,Petrol,2137,1.25,1.05,2671.25,2243.85,427.4,2137,106.85,0.04,Aug
2/23/24,Station 14,Ashanti,Petrol,5960,1.25,1.05,7450,6258,1192,5960,298,0.04,Feb
12/8/24,Station 8,Central,Petrol,5603,1.25,1.05,7003.75,5883.15,1120.6,5603,280.15,0.04,Dec
8/11/24,Station 9,Ashanti,Diesel,1424,1.2,1,1708.8,1424,284.8,1424,71.2,0.04,Aug
8/12/24,Station 6,Eastern,Petrol,1144,1.25,1.05,1430,1201.2,228.8,1144,57.2,0.04,Aug
5/5/24,Station 11,Greater Accra,Petrol,2532,1.25,1.05,3165,2658.6,506.4,2532,126.6,0.04,May
5/9/24,Station 7,Greater Accra,Diesel,3261,1.2,1,3913.2,3261,652.2,3261,163.05,0.04,May
2/22/24,Station 1,Central,Petrol,2568,1.25,1.05,3210,2696.4,513.6,2568,128.4,0.04,Feb
6/20/24,Station 14,Eastern,LPG,741,0.9,0.7,666.9,518.7,148.2,741,37.05,0.06,Jun
8/5/24,Station 5,Western,LPG,3168,0.9,0.7,2851.2,2217.6,633.6,3168,158.4,0.06,Aug
6/8/24,Station 5,Eastern,Diesel,1302,1.2,1,1562.4,1302,260.4,1302,65.1,0.04,Jun
7/16/24,Station 10,Greater Accra,Diesel,5559,1.2,1,6670.8,5559,1111.8,5559,277.95,0.04,Jul
9/3/24,Station 14,Greater Accra,LPG,4664,0.9,0.7,4197.6,3264.8,932.8,4664,233.2,0.06,Sep
11/19/24,Station 4,Eastern,Petrol,5748,1.25,1.05,7185,6035.4,1149.6,5748,287.4,0.04,Nov
7/21/24,Station 6,Eastern,Petrol,695,1.25,1.05,868.75,729.75,139,695,34.75,0.04,Jul
7/2/24,Station 7,Greater Accra,Petrol,2687,1.25,1.05,3358.75,2821.35,537.4,2687,134.35,0.04,Jul
5/2/24,Station 9,Western,Diesel,4015,1.2,1,4818,4015,803,4015,200.75,0.04,May
9/11/24,Station 1,Central,Petrol,2830,1.25,1.05,3537.5,2971.5,566,2830,141.5,0.04,Sep
10/20/24,Station 15,Central,Diesel,2859,1.2,1,3430.8,2859,571.8,2859,142.95,0.04,Oct
10/6/24,Station 6,Eastern,LPG,5341,0.9,0.7,4806.9,3738.7,1068.2,5341,267.05,0.06,Oct
11/20/24,Station 7,Central,LPG,4106,0.9,0.7,3695.4,2874.2,821.2,4106,205.3,0.06,Nov
4/7/24,Station 3,Greater Accra,Diesel,776,1.2,1,931.2,776,155.2,776,38.8,0.04,Apr
7/16/24,Station 8,Greater Accra,Petrol,560,1.25,1.05,700,588,112,560,28,0.04,Jul
8/27/24,Station 15,Eastern,Diesel,3890,1.2,1,4668,3890,778,3890,194.5,0.04,Aug
5/23/24,Station 5,Eastern,Diesel,2413,1.2,1,2895.6,2413,482.6,2413,120.65,0.04,May
4/6/24,Station 15,Eastern,Petrol,4427,1.25,1.05,5533.75,4648.35,885.4,4427,221.35,0.04,Apr
7/19/24,Station 9,Western,Petrol,5930,1.25,1.05,7412.5,6226.5,1186,5930,296.5,0.04,Jul
5/3/24,Station 5,Central,LPG,3091,0.9,0.7,2781.9,2163.7,618.2,3091,154.55,0.06,May
7/5/24,Station 9,Eastern,Diesel,1066,1.2,1,1279.2,1066,213.2,1066,53.3,0.04,Jul
11/21/24,Station 10,Ashanti,Diesel,4435,1.2,1,5322,4435,887,4435,221.75,0.04,Nov
12/14/24,Station 4,Ashanti,LPG,2071,0.9,0.7,1863.9,1449.7,414.2,2071,103.55,0.06,Dec
9/15/24,Station 9,Greater Accra,Diesel,5217,1.2,1,6260.4,5217,1043.4,5217,260.85,0.04,Sep
5/27/24,Station 5,Central,Diesel,1700,1.2,1,2040,1700,340,1700,85,0.04,May
9/8/24,Station 10,Eastern,Petrol,4909,1.25,1.05,6136.25,5154.45,981.8,4909,245.45,0.04,Sep
12/11/24,Station 9,Ashanti,Petrol,3354,1.25,1.05,4192.5,3521.7,670.8,3354,167.7,0.04,Dec
5/26/24,Station 3,Central,Petrol,3395,1.25,1.05,4243.75,3564.75,679,3395,169.75,0.04,May
5/27/24,Station 15,Greater Accra,Diesel,1736,1.2,1,2083.2,1736,347.2,1736,86.8,0.04,May
12/17/24,Station 4,Western,Diesel,636,1.2,1,763.2,636,127.2,636,31.8,0.04,Dec
7/17/24,Station 9,Central,LPG,1529,0.9,0.7,1376.1,1070.3,305.8,1529,76.45,0.06,Jul
11/3/24,Station 10,Central,Petrol,2656,1.25,1.05,3320,2788.8,531.2,2656,132.8,0.04,Nov
5/7/24,Station 11,Western,Diesel,3094,1.2,1,3712.8,3094,618.8,3094,154.7,0.04,May
2/8/24,Station 6,Central,Diesel,1161,1.2,1,1393.2,1161,232.2,1161,58.05,0.04,Feb
12/3/24,Station 2,Greater Accra,Diesel,2972,1.2,1,3566.4,2972,594.4,2972,148.6,0.04,Dec
12/25/24,Station 7,Greater Accra,Diesel,3177,1.2,1,3812.4,3177,635.4,3177,158.85,0.04,Dec
5/8/24,Station 2,Western,Petrol,2808,1.25,1.05,3510,2948.4,561.6,2808,140.4,0.04,May
9/23/24,Station 11,Eastern,Diesel,586,1.2,1,703.2,586,117.2,586,29.3,0.04,Sep
5/30/24,Station 2,Ashanti,Petrol,3012,1.25,1.05,3765,3162.6,602.4,3012,150.6,0.04,May
10/24/24,Station 11,Eastern,Petrol,3442,1.25,1.05,4302.5,3614.1,688.4,3442,172.1,0.04,Oct
4/8/24,Station 1,Central,Petrol,3273,1.25,1.05,4091.25,3436.65,654.6,3273,163.65,0.04,Apr
9/19/24,Station 11,Ashanti,Diesel,3004,1.2,1,3604.8,3004,600.8,3004,150.2,0.04,Sep
9/8/24,Station 11,Western,LPG,5904,0.9,0.7,5313.6,4132.8,1180.8,5904,295.2,0.06,Sep
5/23/24,Station 12,Western,Diesel,3810,1.2,1,4572,3810,762,3810,190.5,0.04,May
12/11/24,Station 11,Ashanti,Diesel,2200,1.2,1,2640,2200,440,2200,110,0.04,Dec
4/21/24,Station 3,Greater Accra,Diesel,4170,1.2,1,5004,4170,834,4170,208.5,0.04,Apr
2/29/24,Station 6,Ashanti,Diesel,3200,1.2,1,3840,3200,640,3200,160,0.04,Feb
1/2/24,Station 8,Central,Petrol,4129,1.25,1.05,5161.25,4335.45,825.8,4129,206.45,0.04,Jan
10/30/24,Station 9,Greater Accra,Petrol,5090,1.25,1.05,6362.5,5344.5,1018,5090,254.5,0.04,Oct
9/10/24,Station 7,Western,Petrol,2147,1.25,1.05,2683.75,2254.35,429.4,2147,107.35,0.04,Sep
5/19/24,Station 4,Ashanti,Petrol,5664,1.25,1.05,7080,5947.2,1132.8,5664,283.2,0.04,May
2/6/24,Station 6,Eastern,Petrol,3818,1.25,1.05,4772.5,4008.9,763.6,3818,190.9,0.04,Feb
6/8/24,Station 5,Eastern,Petrol,4187,1.25,1.05,5233.75,4396.35,837.4,4187,209.35,0.04,Jun
1/9/24,Station 8,Central,Petrol,1096,1.25,1.05,1370,1150.8,219.2,1096,54.8,0.04,Jan
8/20/24,Station 1,Eastern,LPG,5045,0.9,0.7,4540.5,3531.5,1009,5045,252.25,0.06,Aug
4/8/24,Station 1,Ashanti,Petrol,984,1.25,1.05,1230,1033.2,196.8,984,49.2,0.04,Apr
5/26/24,Station 13,Ashanti,Petrol,1145,1.25,1.05,1431.25,1202.25,229,1145,57.25,0.04,May
10/30/24,Station 15,Eastern,Petrol,3589,1.25,1.05,4486.25,3768.45,717.8,3589,179.45,0.04,Oct
7/26/24,Station 11,Ashanti,Diesel,5257,1.2,1,6308.4,5257,1051.4,5257,262.85,0.04,Jul
5/10/24,Station 6,Central,Petrol,5353,1.25,1.05,6691.25,5620.65,1070.6,5353,267.65,0.04,May
5/31/24,Station 10,Greater Accra,Petrol,4884,1.25,1.05,6105,5128.2,976.8,4884,244.2,0.04,May
2/23/24,Station 12,Central,Diesel,1220,1.2,1,1464,1220,244,1220,61,0.04,Feb
4/29/24,Station 2,Central,Petrol,5233,1.25,1.05,6541.25,5494.65,1046.6,5233,261.65,0.04,Apr
6/9/24,Station 5,Ashanti,Petrol,998,1.25,1.05,1247.5,1047.9,199.6,998,49.9,0.04,Jun
4/25/24,Station 1,Greater Accra,Petrol,5229,1.25,1.05,6536.25,5490.45,1045.8,5229,261.45,0.04,Apr
3/15/24,Station 7,Ashanti,Petrol,2173,1.25,1.05,2716.25,2281.65,434.6,2173,108.65,0.04,Mar
4/22/24,Station 1,Western,Petrol,3567,1.25,1.05,4458.75,3745.35,713.4,3567,178.35,0.04,Apr
4/13/24,Station 4,Ashanti,Petrol,614,1.25,1.05,767.5,644.7,122.8,614,30.7,0.04,Apr
12/5/24,Station 9,Ashanti,Diesel,3479,1.2,1,4174.8,3479,695.8,3479,173.95,0.04,Dec
9/10/24,Station 1,Ashanti,Diesel,5269,1.2,1,6322.8,5269,1053.8,5269,263.45,0.04,Sep
8/14/24,Station 4,Greater Accra,Diesel,2236,1.2,1,2683.2,2236,447.2,2236,111.8,0.04,Aug
4/21/24,Station 6,Ashanti,Petrol,5853,1.25,1.05,7316.25,6145.65,1170.6,5853,292.65,0.04,Apr
4/8/24,Station 6,Greater Accra,LPG,4111,0.9,0.7,3699.9,2877.7,822.2,4111,205.55,0.06,Apr
6/1/24,Station 12,Eastern,Petrol,2753,1.25,1.05,3441.25,2890.65,550.6,2753,137.65,0.04,Jun
12/14/24,Station 15,Western,Petrol,2794,1.25,1.05,3492.5,2933.7,558.8,2794,139.7,0.04,Dec
12/31/24,Station 13,Greater Accra,Diesel,4130,1.2,1,4956,4130,826,4130,206.5,0.04,Dec
12/3/24,Station 8,Eastern,Petrol,646,1.25,1.05,807.5,678.3,129.2,646,32.3,0.04,Dec
7/12/24,Station 1,Greater Accra,Petrol,4482,1.25,1.05,5602.5,4706.1,896.4,4482,224.1,0.04,Jul
11/5/24,Station 7,Greater Accra,Diesel,3953,1.2,1,4743.6,3953,790.6,3953,197.65,0.04,Nov
6/11/24,Station 1,Western,LPG,5007,0.9,0.7,4506.3,3504.9,1001.4,5007,250.35,0.06,Jun
7/26/24,Station 13,Central,Petrol,2910,1.25,1.05,3637.5,3055.5,582,2910,145.5,0.04,Jul
6/17/24,Station 14,Central,Diesel,636,1.2,1,763.2,636,127.2,636,31.8,0.04,Jun
6/9/24,Station 7,Greater Accra,LPG,3860,0.9,0.7,3474,2702,772,3860,193,0.06,Jun
3/8/24,Station 3,Ashanti,Petrol,3505,1.25,1.05,4381.25,3680.25,701,3505,175.25,0.04,Mar
10/15/24,Station 11,Eastern,Petrol,4052,1.25,1.05,5065,4254.6,810.4,4052,202.6,0.04,Oct
10/3/24,Station 8,Ashanti,Petrol,518,1.25,1.05,647.5,543.9,103.6,518,25.9,0.04,Oct
10/30/24,Station 3,Ashanti,Petrol,2742,1.25,1.05,3427.5,2879.1,548.4,2742,137.1,0.04,Oct
5/14/24,Station 14,Greater Accra,Petrol,5597,1.25,1.05,6996.25,5876.85,1119.4,5597,279.85,0.04,May
7/13/24,Station 14,Greater Accra,LPG,948,0.9,0.7,853.2,663.6,189.6,948,47.4,0.06,Jul
5/7/24,Station 13,Greater Accra,Diesel,2448,1.2,1,2937.6,2448,489.6,2448,122.4,0.04,May
2/2/24,Station 1,Greater Accra,Diesel,1445,1.2,1,1734,1445,289,1445,72.25,0.04,Feb
6/24/24,Station 13,Central,Petrol,5973,1.25,1.05,7466.25,6271.65,1194.6,5973,298.65,0.04,Jun
1/22/24,Station 13,Greater Accra,Diesel,4736,1.2,1,5683.2,4736,947.2,4736,236.8,0.04,Jan
8/25/24,Station 14,Central,LPG,2420,0.9,0.7,2178,1694,484,2420,121,0.06,Aug
6/6/24,Station 8,Central,Diesel,3477,1.2,1,4172.4,3477,695.4,3477,173.85,0.04,Jun
2/7/24,Station 3,Greater Accra,Petrol,4688,1.25,1.05,5860,4922.4,937.6,4688,234.4,0.04,Feb
8/17/24,Station 2,Western,Diesel,4515,1.2,1,5418,4515,903,4515,225.75,0.04,Aug
12/30/24,Station 1,Eastern,Petrol,738,1.25,1.05,922.5,774.9,147.6,738,36.9,0.04,Dec
2/20/24,Station 14,Ashanti,Petrol,704,1.25,1.05,880,739.2,140.8,704,35.2,0.04,Feb
9/20/24,Station 3,Central,Petrol,3107,1.25,1.05,3883.75,3262.35,621.4,3107,155.35,0.04,Sep
10/9/24,Station 15,Eastern,Diesel,4840,1.2,1,5808,4840,968,4840,242,0.04,Oct
1/27/24,Station 2,Western,Diesel,5427,1.2,1,6512.4,5427,1085.4,5427,271.35,0.04,Jan
8/13/24,Station 2,Ashanti,Petrol,3888,1.25,1.05,4860,4082.4,777.6,3888,194.4,0.04,Aug
10/3/24,Station 6,Ashanti,Petrol,3472,1.25,1.05,4340,3645.6,694.4,3472,173.6,0.04,Oct
10/12/24,Station 12,Central,Petrol,4890,1.25,1.05,6112.5,5134.5,978,4890,244.5,0.04,Oct
4/6/24,Station 1,Greater Accra,Petrol,3187,1.25,1.05,3983.75,3346.35,637.4,3187,159.35,0.04,Apr
10/10/24,Station 2,Western,Petrol,5451,1.25,1.05,6813.75,5723.55,1090.2,5451,272.55,0.04,Oct
11/12/24,Station 14,Central,Petrol,4666,1.25,1.05,5832.5,4899.3,933.2,4666,233.3,0.04,Nov
10/30/24,Station 6,Western,Diesel,5888,1.2,1,7065.6,5888,1177.6,5888,294.4,0.04,Oct
5/26/24,Station 3,Greater Accra,Petrol,1848,1.25,1.05,2310,1940.4,369.6,1848,92.4,0.04,May
1/4/24,Station 15,Greater Accra,Petrol,4900,1.25,1.05,6125,5145,980,4900,245,0.04,Jan
2/4/24,Station 4,Central,Petrol,5626,1.25,1.05,7032.5,5907.3,1125.2,5626,281.3,0.04,Feb
7/10/24,Station 1,Greater Accra,LPG,5933,0.9,0.7,5339.7,4153.1,1186.6,5933,296.65,0.06,Jul
2/18/24,Station 8,Eastern,Diesel,1316,1.2,1,1579.2,1316,263.2,1316,65.8,0.04,Feb
1/17/24,Station 13,Ashanti,Diesel,5722,1.2,1,6866.4,5722,1144.4,5722,286.1,0.04,Jan
6/20/24,Station 7,Central,Petrol,1320,1.25,1.05,1650,1386,264,1320,66,0.04,Jun
8/7/24,Station 7,Western,Diesel,692,1.2,1,830.4,692,138.4,692,34.6,0.04,Aug
6/6/24,Station 3,Eastern,Petrol,2276,1.25,1.05,2845,2389.8,455.2,2276,113.8,0.04,Jun
2/15/24,Station 10,Central,Diesel,4145,1.2,1,4974,4145,829,4145,207.25,0.04,Feb
1/6/24,Station 10,Greater Accra,LPG,5124,0.9,0.7,4611.6,3586.8,1024.8,5124,256.2,0.06,Jan
4/8/24,Station 3,Greater Accra,Diesel,750,1.2,1,900,750,150,750,37.5,0.04,Apr
8/20/24,Station 14,Greater Accra,LPG,2288,0.9,0.7,2059.2,1601.6,457.6,2288,114.4,0.06,Aug
2/6/24,Station 2,Greater Accra,Diesel,4200,1.2,1,5040,4200,840,4200,210,0.04,Feb
10/6/24,Station 12,Western,Petrol,2963,1.25,1.05,3703.75,3111.15,592.6,2963,148.15,0.04,Oct
12/14/24,Station 1,Eastern,LPG,5999,0.9,0.7,5399.1,4199.3,1199.8,5999,299.95,0.06,Dec
10/28/24,Station 7,Ashanti,Petrol,1667,1.25,1.05,2083.75,1750.35,333.4,1667,83.35,0.04,Oct
6/29/24,Station 7,Western,Diesel,4393,1.2,1,5271.6,4393,878.6,4393,219.65,0.04,Jun
4/4/24,Station 12,Western,Petrol,1596,1.25,1.05,1995,1675.8,319.2,1596,79.8,0.04,Apr
4/8/24,Station 2,Ashanti,Petrol,3179,1.25,1.05,3973.75,3337.95,635.8,3179,158.95,0.04,Apr
7/6/24,Station 7,Ashanti,Petrol,2347,1.25,1.05,2933.75,2464.35,469.4,2347,117.35,0.04,Jul
4/25/24,Station 13,Greater Accra,Petrol,4404,1.25,1.05,5505,4624.2,880.8,4404,220.2,0.04,Apr
7/9/24,Station 8,Western,Petrol,1004,1.25,1.05,1255,1054.2,200.8,1004,50.2,0.04,Jul
9/9/24,Station 1,Central,Diesel,2121,1.2,1,2545.2,2121,424.2,2121,106.05,0.04,Sep
6/9/24,Station 9,Ashanti,Petrol,2972,1.25,1.05,3715,3120.6,594.4,2972,148.6,0.04,Jun
9/12/24,Station 7,Ashanti,Petrol,3046,1.25,1.05,3807.5,3198.3,609.2,3046,152.3,0.04,Sep
11/18/24,Station 3,Eastern,Diesel,1887,1.2,1,2264.4,1887,377.4,1887,94.35,0.04,Nov
5/7/24,Station 8,Central,Petrol,3494,1.25,1.05,4367.5,3668.7,698.8,3494,174.7,0.04,May
1/18/24,Station 7,Central,Diesel,4316,1.2,1,5179.2,4316,863.2,4316,215.8,0.04,Jan
10/7/24,Station 11,Ashanti,Diesel,5818,1.2,1,6981.6,5818,1163.6,5818,290.9,0.04,Oct
8/10/24,Station 15,Greater Accra,Diesel,1217,1.2,1,1460.4,1217,243.4,1217,60.85,0.04,Aug
2/23/24,Station 13,Eastern,Diesel,3984,1.2,1,4780.8,3984,796.8,3984,199.2,0.04,Feb
2/27/24,Station 8,Central,Petrol,4934,1.25,1.05,6167.5,5180.7,986.8,4934,246.7,0.04,Feb
11/18/24,Station 6,Ashanti,Diesel,1158,1.2,1,1389.6,1158,231.6,1158,57.9,0.04,Nov
12/25/24,Station 9,Central,Petrol,5557,1.25,1.05,6946.25,5834.85,1111.4,5557,277.85,0.04,Dec
6/22/24,Station 15,Eastern,Petrol,4508,1.25,1.05,5635,4733.4,901.6,4508,225.4,0.04,Jun
10/6/24,Station 5,Eastern,Diesel,5024,1.2,1,6028.8,5024,1004.8,5024,251.2,0.04,Oct
4/23/24,Station 3,Western,Petrol,5494,1.25,1.05,6867.5,5768.7,1098.8,5494,274.7,0.04,Apr
10/14/24,Station 3,Ashanti,Diesel,4734,1.2,1,5680.8,4734,946.8,4734,236.7,0.04,Oct
12/7/24,Station 1,Eastern,Diesel,4264,1.2,1,5116.8,4264,852.8,4264,213.2,0.04,Dec
5/30/24,Station 12,Western,LPG,3489,0.9,0.7,3140.1,2442.3,697.8,3489,174.45,0.06,May
5/6/24,Station 15,Western,LPG,5137,0.9,0.7,4623.3,3595.9,1027.4,5137,256.85,0.06,May
6/3/24,Station 8,Central,Petrol,2604,1.25,1.05,3255,2734.2,520.8,2604,130.2,0.04,Jun
9/29/24,Station 2,Central,Petrol,1755,1.25,1.05,2193.75,1842.75,351,1755,87.75,0.04,Sep
4/13/24,Station 3,Western,Diesel,2982,1.2,1,3578.4,2982,596.4,2982,149.1,0.04,Apr
10/25/24,Station 8,Central,Petrol,883,1.25,1.05,1103.75,927.15,176.6,883,44.15,0.04,Oct
9/2/24,Station 14,Eastern,Diesel,3107,1.2,1,3728.4,3107,621.4,3107,155.35,0.04,Sep
6/24/24,Station 8,Greater Accra,Diesel,693,1.2,1,831.6,693,138.6,693,34.65,0.04,Jun
2/8/24,Station 14,Eastern,Diesel,4307,1.2,1,5168.4,4307,861.4,4307,215.35,0.04,Feb
6/18/24,Station 11,Western,Petrol,4219,1.25,1.05,5273.75,4429.95,843.8,4219,210.95,0.04,Jun
9/3/24,Station 4,Western,Petrol,3081,1.25,1.05,3851.25,3235.05,616.2,3081,154.05,0.04,Sep
1/26/24,Station 4,Eastern,Petrol,3065,1.25,1.05,3831.25,3218.25,613,3065,153.25,0.04,Jan
12/20/24,Station 5,Central,Petrol,3263,1.25,1.05,4078.75,3426.15,652.6,3263,163.15,0.04,Dec
11/1/24,Station 6,Central,LPG,3298,0.9,0.7,2968.2,2308.6,659.6,3298,164.9,0.06,Nov
1/13/24,Station 5,Western,Petrol,2839,1.25,1.05,3548.75,2980.95,567.8,2839,141.95,0.04,Jan
11/11/24,Station 14,Ashanti,Petrol,3906,1.25,1.05,4882.5,4101.3,781.2,3906,195.3,0.04,Nov
11/8/24,Station 15,Central,Petrol,1231,1.25,1.05,1538.75,1292.55,246.2,1231,61.55,0.04,Nov
2/5/24,Station 7,Eastern,Diesel,3372,1.2,1,4046.4,3372,674.4,3372,168.6,0.04,Feb
6/21/24,Station 2,Central,Diesel,3620,1.2,1,4344,3620,724,3620,181,0.04,Jun
1/20/24,Station 7,Eastern,Petrol,5280,1.25,1.05,6600,5544,1056,5280,264,0.04,Jan
11/16/24,Station 10,Western,Petrol,4677,1.25,1.05,5846.25,4910.85,935.4,4677,233.85,0.04,Nov
9/20/24,Station 7,Central,Petrol,3104,1.25,1.05,3880,3259.2,620.8,3104,155.2,0.04,Sep
5/21/24,Station 1,Eastern,Petrol,2882,1.25,1.05,3602.5,3026.1,576.4,2882,144.1,0.04,May
5/22/24,Station 7,Western,Diesel,1031,1.2,1,1237.2,1031,206.2,1031,51.55,0.04,May
4/1/24,Station 5,Ashanti,Diesel,4816,1.2,1,5779.2,4816,963.2,4816,240.8,0.04,Apr
12/19/24,Station 3,Eastern,Petrol,1134,1.25,1.05,1417.5,1190.7,226.8,1134,56.7,0.04,Dec
11/17/24,Station 13,Ashanti,Petrol,2269,1.25,1.05,2836.25,2382.45,453.8,2269,113.45,0.04,Nov
10/14/24,Station 3,Ashanti,LPG,4304,0.9,0.7,3873.6,3012.8,860.8,4304,215.2,0.06,Oct
8/2/24,Station 4,Greater Accra,Petrol,2870,1.25,1.05,3587.5,3013.5,574,2870,143.5,0.04,Aug
12/7/24,Station 13,Central,Diesel,502,1.2,1,602.4,502,100.4,502,25.1,0.04,Dec
2/20/24,Station 12,Eastern,Petrol,705,1.25,1.05,881.25,740.25,141,705,35.25,0.04,Feb
6/1/24,Station 2,Ashanti,Petrol,4635,1.25,1.05,5793.75,4866.75,927,4635,231.75,0.04,Jun
7/4/24,Station 2,Greater Accra,Petrol,3121,1.25,1.05,3901.25,3277.05,624.2,3121,156.05,0.04,Jul
3/3/24,Station 1,Western,Diesel,5239,1.2,1,6286.8,5239,1047.8,5239,261.95,0.04,Mar
7/8/24,Station 15,Eastern,LPG,3390,0.9,0.7,3051,2373,678,3390,169.5,0.06,Jul
5/4/24,Station 5,Ashanti,Petrol,3693,1.25,1.05,4616.25,3877.65,738.6,3693,184.65,0.04,May
5/29/24,Station 4,Central,Petrol,3166,1.25,1.05,3957.5,3324.3,633.2,3166,158.3,0.04,May
11/9/24,Station 11,Greater Accra,Petrol,3806,1.25,1.05,4757.5,3996.3,761.2,3806,190.3,0.04,Nov
2/27/24,Station 10,Ashanti,Petrol,1397,1.25,1.05,1746.25,1466.85,279.4,1397,69.85,0.04,Feb
12/7/24,Station 15,Central,Petrol,1585,1.25,1.05,1981.25,1664.25,317,1585,79.25,0.04,Dec
10/31/24,Station 2,Ashanti,Petrol,1779,1.25,1.05,2223.75,1867.95,355.8,1779,88.95,0.04,Oct
6/28/24,Station 3,Eastern,Diesel,1170,1.2,1,1404,1170,234,1170,58.5,0.04,Jun
6/18/24,Station 7,Eastern,Petrol,2005,1.25,1.05,2506.25,2105.25,401,2005,100.25,0.04,Jun
11/21/24,Station 7,Eastern,Petrol,4075,1.25,1.05,5093.75,4278.75,815,4075,203.75,0.04,Nov
9/27/24,Station 12,Greater Accra,LPG,5314,0.9,0.7,4782.6,3719.8,1062.8,5314,265.7,0.06,Sep
2/23/24,Station 4,Eastern,Petrol,5667,1.25,1.05,7083.75,5950.35,1133.4,5667,283.35,0.04,Feb
4/10/24,Station 5,Central,LPG,2455,0.9,0.7,2209.5,1718.5,491,2455,122.75,0.06,Apr
9/20/24,Station 5,Ashanti,Petrol,5755,1.25,1.05,7193.75,6042.75,1151,5755,287.75,0.04,Sep
2/22/24,Station 6,Western,LPG,749,0.9,0.7,674.1,524.3,149.8,749,37.45,0.06,Feb
2/29/24,Station 14,Central,Diesel,2392,1.2,1,2870.4,2392,478.4,2392,119.6,0.04,Feb
4/17/24,Station 9,Central,Diesel,3939,1.2,1,4726.8,3939,787.8,3939,196.95,0.04,Apr
1/5/24,Station 2,Eastern,LPG,2353,0.9,0.7,2117.7,1647.1,470.6,2353,117.65,0.06,Jan
4/12/24,Station 5,Greater Accra,Petrol,3354,1.25,1.05,4192.5,3521.7,670.8,3354,167.7,0.04,Apr
7/14/24,Station 12,Ashanti,LPG,2003,0.9,0.7,1802.7,1402.1,400.6,2003,100.15,0.06,Jul
9/18/24,Station 3,Greater Accra,Petrol,3885,1.25,1.05,4856.25,4079.25,777,3885,194.25,0.04,Sep
12/30/24,Station 4,Ashanti,Petrol,4071,1.25,1.05,5088.75,4274.55,814.2,4071,203.55,0.04,Dec
12/15/24,Station 10,Ashanti,Petrol,4292,1.25,1.05,5365,4506.6,858.4,4292,214.6,0.04,Dec
2/16/24,Station 6,Greater Accra,Diesel,3926,1.2,1,4711.2,3926,785.2,3926,196.3,0.04,Feb
12/20/24,Station 12,Central,Petrol,5830,1.25,1.05,7287.5,6121.5,1166,5830,291.5,0.04,Dec
11/6/24,Station 8,Ashanti,Diesel,543,1.2,1,651.6,543,108.6,543,27.15,0.04,Nov
11/3/24,Station 1,Greater Accra,Diesel,4112,1.2,1,4934.4,4112,822.4,4112,205.6,0.04,Nov
5/23/24,Station 10,Ashanti,Diesel,3118,1.2,1,3741.6,3118,623.6,3118,155.9,0.04,May
9/25/24,Station 14,Western,Diesel,5178,1.2,1,6213.6,5178,1035.6,5178,258.9,0.04,Sep
5/3/24,Station 8,Central,Petrol,3663,1.25,1.05,4578.75,3846.15,732.6,3663,183.15,0.04,May
4/15/24,Station 11,Eastern,Petrol,1788,1.25,1.05,2235,1877.4,357.6,1788,89.4,0.04,Apr
6/6/24,Station 14,Ashanti,Petrol,3442,1.25,1.05,4302.5,3614.1,688.4,3442,172.1,0.04,Jun
5/26/24,Station 7,Western,Petrol,719,1.25,1.05,898.75,754.95,143.8,719,35.95,0.04,May
5/24/24,Station 1,Eastern,Petrol,2425,1.25,1.05,3031.25,2546.25,485,2425,121.25,0.04,May
4/29/24,Station 2,Eastern,Petrol,3472,1.25,1.05,4340,3645.6,694.4,3472,173.6,0.04,Apr
11/14/24,Station 3,Ashanti,Petrol,4013,1.25,1.05,5016.25,4213.65,802.6,4013,200.65,0.04,Nov
10/1/24,Station 1,Greater Accra,LPG,2948,0.9,0.7,2653.2,2063.6,589.6,2948,147.4,0.06,Oct
4/1/24,Station 14,Ashanti,Diesel,3971,1.2,1,4765.2,3971,794.2,3971,198.55,0.04,Apr
2/27/24,Station 9,Western,Petrol,3274,1.25,1.05,4092.5,3437.7,654.8,3274,163.7,0.04,Feb
12/11/24,Station 8,Eastern,Diesel,1490,1.2,1,1788,1490,298,1490,74.5,0.04,Dec
8/16/24,Station 2,Ashanti,Petrol,3446,1.25,1.05,4307.5,3618.3,689.2,3446,172.3,0.04,Aug
4/26/24,Station 13,Greater Accra,Petrol,2312,1.25,1.05,2890,2427.6,462.4,2312,115.6,0.04,Apr
11/13/24,Station 9,Ashanti,Diesel,5453,1.2,1,6543.6,5453,1090.6,5453,272.65,0.04,Nov
10/5/24,Station 7,Central,Petrol,1303,1.25,1.05,1628.75,1368.15,260.6,1303,65.15,0.04,Oct
5/6/24,Station 9,Greater Accra,Petrol,989,1.25,1.05,1236.25,1038.45,197.8,989,49.45,0.04,May
5/8/24,Station 6,Western,LPG,4056,0.9,0.7,3650.4,2839.2,811.2,4056,202.8,0.06,May
2/27/24,Station 6,Eastern,LPG,1993,0.9,0.7,1793.7,1395.1,398.6,1993,99.65,0.06,Feb
5/1/24,Station 11,Ashanti,Diesel,4145,1.2,1,4974,4145,829,4145,207.25,0.04,May
1/1/24,Station 14,Greater Accra,Diesel,3391,1.2,1,4069.2,3391,678.2,3391,169.55,0.04,Jan
8/26/24,Station 4,Central,Diesel,2205,1.2,1,2646,2205,441,2205,110.25,0.04,Aug
10/16/24,Station 10,Greater Accra,Petrol,4016,1.25,1.05,5020,4216.8,803.2,4016,200.8,0.04,Oct
4/5/24,Station 10,Central,Petrol,3840,1.25,1.05,4800,4032,768,3840,192,0.04,Apr
5/5/24,Station 13,Western,Petrol,553,1.25,1.05,691.25,580.65,110.6,553,27.65,0.04,May
4/27/24,Station 13,Eastern,Petrol,3075,1.25,1.05,3843.75,3228.75,615,3075,153.75,0.04,Apr
2/17/24,Station 2,Western,Diesel,4091,1.2,1,4909.2,4091,818.2,4091,204.55,0.04,Feb
3/29/24,Station 7,Ashanti,Petrol,1115,1.25,1.05,1393.75,1170.75,223,1115,55.75,0.04,Mar
8/24/24,Station 5,Greater Accra,LPG,5678,0.9,0.7,5110.2,3974.6,1135.6,5678,283.9,0.06,Aug
9/28/24,Station 11,Central,LPG,1454,0.9,0.7,1308.6,1017.8,290.8,1454,72.7,0.06,Sep
7/7/24,Station 6,Central,Diesel,2933,1.2,1,3519.6,2933,586.6,2933,146.65,0.04,Jul
7/10/24,Station 2,Greater Accra,Diesel,2129,1.2,1,2554.8,2129,425.8,2129,106.45,0.04,Jul
3/9/24,Station 5,Greater Accra,LPG,3281,0.9,0.7,2952.9,2296.7,656.2,3281,164.05,0.06,Mar
10/4/24,Station 10,Ashanti,Petrol,1149,1.25,1.05,1436.25,1206.45,229.8,1149,57.45,0.04,Oct
12/14/24,Station 4,Western,Diesel,2847,1.2,1,3416.4,2847,569.4,2847,142.35,0.04,Dec
9/3/24,Station 9,Central,Petrol,4990,1.25,1.05,6237.5,5239.5,998,4990,249.5,0.04,Sep
3/16/24,Station 6,Ashanti,Diesel,3778,1.2,1,4533.6,3778,755.6,3778,188.9,0.04,Mar
6/2/24,Station 2,Western,Petrol,5955,1.25,1.05,7443.75,6252.75,1191,5955,297.75,0.04,Jun
5/23/24,Station 1,Ashanti,LPG,3140,0.9,0.7,2826,2198,628,3140,157,0.06,May
3/26/24,Station 5,Central,LPG,4301,0.9,0.7,3870.9,3010.7,860.2,4301,215.05,0.06,Mar
7/3/24,Station 9,Greater Accra,Petrol,3061,1.25,1.05,3826.25,3214.05,612.2,3061,153.05,0.04,Jul
10/11/24,Station 6,Greater Accra,Petrol,3749,1.25,1.05,4686.25,3936.45,749.8,3749,187.45,0.04,Oct
8/7/24,Station 10,Western,LPG,870,0.9,0.7,783,609,174,870,43.5,0.06,Aug
3/9/24,Station 12,Eastern,Petrol,1357,1.25,1.05,1696.25,1424.85,271.4,1357,67.85,0.04,Mar
2/16/24,Station 7,Western,LPG,5386,0.9,0.7,4847.4,3770.2,1077.2,5386,269.3,0.06,Feb
4/3/24,Station 5,Eastern,Diesel,5253,1.2,1,6303.6,5253,1050.6,5253,262.65,0.04,Apr
8/25/24,Station 10,Ashanti,Petrol,5988,1.25,1.05,7485,6287.4,1197.6,5988,299.4,0.04,Aug
7/22/24,Station 6,Ashanti,Petrol,883,1.25,1.05,1103.75,927.15,176.6,883,44.15,0.04,Jul
8/5/24,Station 5,Central,Petrol,4377,1.25,1.05,5471.25,4595.85,875.4,4377,218.85,0.04,Aug
12/6/24,Station 11,Eastern,Diesel,3052,1.2,1,3662.4,3052,610.4,3052,152.6,0.04,Dec
2/8/24,Station 9,Central,Petrol,4834,1.25,1.05,6042.5,5075.7,966.8,4834,241.7,0.04,Feb
4/9/24,Station 15,Greater Accra,Diesel,4790,1.2,1,5748,4790,958,4790,239.5,0.04,Apr
10/15/24,Station 6,Eastern,Petrol,3225,1.25,1.05,4031.25,3386.25,645,3225,161.25,0.04,Oct
9/10/24,Station 11,Western,Diesel,4534,1.2,1,5440.8,4534,906.8,4534,226.7,0.04,Sep
8/9/24,Station 8,Greater Accra,LPG,3793,0.9,0.7,3413.7,2655.1,758.6,3793,189.65,0.06,Aug
12/22/24,Station 2,Greater Accra,LPG,5748,0.9,0.7,5173.2,4023.6,1149.6,5748,287.4,0.06,Dec
1/23/24,Station 12,Western,Petrol,4751,1.25,1.05,5938.75,4988.55,950.2,4751,237.55,0.04,Jan
9/6/24,Station 13,Greater Accra,Diesel,4488,1.2,1,5385.6,4488,897.6,4488,224.4,0.04,Sep
1/10/24,Station 9,Eastern,Diesel,1422,1.2,1,1706.4,1422,284.4,1422,71.1,0.04,Jan
9/2/24,Station 5,Central,Diesel,3415,1.2,1,4098,3415,683,3415,170.75,0.04,Sep
11/20/24,Station 7,Greater Accra,LPG,3450,0.9,0.7,3105,2415,690,3450,172.5,0.06,Nov
4/9/24,Station 10,Eastern,Petrol,3546,1.25,1.05,4432.5,3723.3,709.2,3546,177.3,0.04,Apr
10/16/24,Station 13,Ashanti,Petrol,1474,1.25,1.05,1842.5,1547.7,294.8,1474,73.7,0.04,Oct
6/28/24,Station 1,Eastern,LPG,1730,0.9,0.7,1557,1211,346,1730,86.5,0.06,Jun
8/10/24,Station 10,Central,Petrol,2935,1.25,1.05,3668.75,3081.75,587,2935,146.75,0.04,Aug
9/6/24,Station 5,Eastern,Diesel,2314,1.2,1,2776.8,2314,462.8,2314,115.7,0.04,Sep
5/26/24,Station 12,Western,LPG,3434,0.9,0.7,3090.6,2403.8,686.8,3434,171.7,0.06,May
4/5/24,Station 14,Central,Petrol,5433,1.25,1.05,6791.25,5704.65,1086.6,5433,271.65,0.04,Apr
9/13/24,Station 10,Ashanti,LPG,1863,0.9,0.7,1676.7,1304.1,372.6,1863,93.15,0.06,Sep
11/20/24,Station 14,Western,Petrol,4440,1.25,1.05,5550,4662,888,4440,222,0.04,Nov
1/4/24,Station 2,Eastern,Diesel,703,1.2,1,843.6,703,140.6,703,35.15,0.04,Jan
1/16/24,Station 12,Central,Diesel,660,1.2,1,792,660,132,660,33,0.04,Jan
10/6/24,Station 6,Ashanti,LPG,4987,0.9,0.7,4488.3,3490.9,997.4,4987,249.35,0.06,Oct
12/1/24,Station 11,Western,Petrol,1268,1.25,1.05,1585,1331.4,253.6,1268,63.4,0.04,Dec
9/3/24,Station 1,Ashanti,Petrol,4248,1.25,1.05,5310,4460.4,849.6,4248,212.4,0.04,Sep
9/14/24,Station 3,Eastern,Diesel,3081,1.2,1,3697.2,3081,616.2,3081,154.05,0.04,Sep
6/8/24,Station 5,Ashanti,Diesel,1593,1.2,1,1911.6,1593,318.6,1593,79.65,0.04,Jun
12/5/24,Station 4,Greater Accra,Diesel,5000,1.2,1,6000,5000,1000,5000,250,0.04,Dec
5/31/24,Station 3,Western,Petrol,1107,1.25,1.05,1383.75,1162.35,221.4,1107,55.35,0.04,May
6/26/24,Station 10,Ashanti,Petrol,2040,1.25,1.05,2550,2142,408,2040,102,0.04,Jun
6/11/24,Station 13,Eastern,Petrol,3375,1.25,1.05,4218.75,3543.75,675,3375,168.75,0.04,Jun
2/2/24,Station 5,Eastern,Diesel,3691,1.2,1,4429.2,3691,738.2,3691,184.55,0.04,Feb
6/27/24,Station 11,Ashanti,Petrol,2337,1.25,1.05,2921.25,2453.85,467.4,2337,116.85,0.04,Jun
4/10/24,Station 8,Eastern,Petrol,1189,1.25,1.05,1486.25,1248.45,237.8,1189,59.45,0.04,Apr
9/24/24,Station 11,Central,LPG,4259,0.9,0.7,3833.1,2981.3,851.8,4259,212.95,0.06,Sep
11/18/24,Station 4,Central,Petrol,3449,1.25,1.05,4311.25,3621.45,689.8,3449,172.45,0.04,Nov
3/5/24,Station 1,Central,LPG,5836,0.9,0.7,5252.4,4085.2,1167.2,5836,291.8,0.06,Mar
6/16/24,Station 11,Greater Accra,Diesel,2603,1.2,1,3123.6,2603,520.6,2603,130.15,0.04,Jun
11/25/24,Station 7,Ashanti,Diesel,865,1.2,1,1038,865,173,865,43.25,0.04,Nov
2/12/24,Station 8,Greater Accra,Petrol,4075,1.25,1.05,5093.75,4278.75,815,4075,203.75,0.04,Feb
2/13/24,Station 3,Eastern,Petrol,5050,1.25,1.05,6312.5,5302.5,1010,5050,252.5,0.04,Feb
10/11/24,Station 6,Greater Accra,Diesel,4699,1.2,1,5638.8,4699,939.8,4699,234.95,0.04,Oct
1/12/24,Station 2,Eastern,Diesel,4672,1.2,1,5606.4,4672,934.4,4672,233.6,0.04,Jan
4/4/24,Station 7,Eastern,Diesel,4825,1.2,1,5790,4825,965,4825,241.25,0.04,Apr
10/28/24,Station 15,Western,Petrol,2878,1.25,1.05,3597.5,3021.9,575.6,2878,143.9,0.04,Oct
9/9/24,Station 8,Central,Diesel,1705,1.2,1,2046,1705,341,1705,85.25,0.04,Sep
8/29/24,Station 6,Eastern,Diesel,5488,1.2,1,6585.6,5488,1097.6,5488,274.4,0.04,Aug
2/4/24,Station 6,Western,Diesel,4339,1.2,1,5206.8,4339,867.8,4339,216.95,0.04,Feb
8/2/24,Station 5,Central,Diesel,3235,1.2,1,3882,3235,647,3235,161.75,0.04,Aug
12/2/24,Station 8,Eastern,Diesel,3847,1.2,1,4616.4,3847,769.4,3847,192.35,0.04,Dec
3/30/24,Station 1,Eastern,Diesel,2175,1.2,1,2610,2175,435,2175,108.75,0.04,Mar
9/20/24,Station 10,Greater Accra,Petrol,798,1.25,1.05,997.5,837.9,159.6,798,39.9,0.04,Sep
4/2/24,Station 4,Greater Accra,Petrol,1456,1.25,1.05,1820,1528.8,291.2,1456,72.8,0.04,Apr
3/30/24,Station 15,Central,Petrol,1614,1.25,1.05,2017.5,1694.7,322.8,1614,80.7,0.04,Mar
4/24/24,Station 4,Eastern,Petrol,3005,1.25,1.05,3756.25,3155.25,601,3005,150.25,0.04,Apr
4/14/24,Station 3,Ashanti,Petrol,1974,1.25,1.05,2467.5,2072.7,394.8,1974,98.7,0.04,Apr
7/14/24,Station 3,Greater Accra,Petrol,4960,1.25,1.05,6200,5208,992,4960,248,0.04,Jul
11/9/24,Station 4,Central,Petrol,4946,1.25,1.05,6182.5,5193.3,989.2,4946,247.3,0.04,Nov
4/23/24,Station 11,Eastern,Petrol,4226,1.25,1.05,5282.5,4437.3,845.2,4226,211.3,0.04,Apr
3/15/24,Station 1,Eastern,Diesel,3971,1.2,1,4765.2,3971,794.2,3971,198.55,0.04,Mar
8/4/24,Station 14,Ashanti,LPG,3328,0.9,0.7,2995.2,2329.6,665.6,3328,166.4,0.06,Aug
10/3/24,Station 11,Central,Petrol,3350,1.25,1.05,4187.5,3517.5,670,3350,167.5,0.04,Oct
9/5/24,Station 13,Eastern,LPG,5607,0.9,0.7,5046.3,3924.9,1121.4,5607,280.35,0.06,Sep
6/12/24,Station 11,Greater Accra,Diesel,3006,1.2,1,3607.2,3006,601.2,3006,150.3,0.04,Jun
12/22/24,Station 2,Ashanti,Petrol,4270,1.25,1.05,5337.5,4483.5,854,4270,213.5,0.04,Dec
7/10/24,Station 9,Central,Petrol,3464,1.25,1.05,4330,3637.2,692.8,3464,173.2,0.04,Jul
8/14/24,Station 10,Ashanti,Diesel,5094,1.2,1,6112.8,5094,1018.8,5094,254.7,0.04,Aug
6/25/24,Station 2,Greater Accra,Diesel,1449,1.2,1,1738.8,1449,289.8,1449,72.45,0.04,Jun
4/8/24,Station 5,Central,Diesel,5103,1.2,1,6123.6,5103,1020.6,5103,255.15,0.04,Apr
2/5/24,Station 9,Ashanti,Petrol,5923,1.25,1.05,7403.75,6219.15,1184.6,5923,296.15,0.04,Feb
4/5/24,Station 9,Western,Petrol,3350,1.25,1.05,4187.5,3517.5,670,3350,167.5,0.04,Apr
5/31/24,Station 8,Greater Accra,Petrol,665,1.25,1.05,831.25,698.25,133,665,33.25,0.04,May
5/30/24,Station 1,Greater Accra,Petrol,3986,1.25,1.05,4982.5,4185.3,797.2,3986,199.3,0.04,May
7/8/24,Station 1,Greater Accra,Petrol,3009,1.25,1.05,3761.25,3159.45,601.8,3009,150.45,0.04,Jul
8/11/24,Station 9,Western,Petrol,1419,1.25,1.05,1773.75,1489.95,283.8,1419,70.95,0.04,Aug
2/6/24,Station 13,Western,Diesel,613,1.2,1,735.6,613,122.6,613,30.65,0.04,Feb
9/24/24,Station 11,Eastern,LPG,4004,0.9,0.7,3603.6,2802.8,800.8,4004,200.2,0.06,Sep
7/1/24,Station 8,Ashanti,Petrol,1491,1.25,1.05,1863.75,1565.55,298.2,1491,74.55,0.04,Jul
1/13/24,Station 10,Eastern,LPG,4339,0.9,0.7,3905.1,3037.3,867.8,4339,216.95,0.06,Jan
10/5/24,Station 9,Ashanti,Petrol,1758,1.25,1.05,2197.5,1845.9,351.6,1758,87.9,0.04,Oct
8/4/24,Station 7,Western,Petrol,3926,1.25,1.05,4907.5,4122.3,785.2,3926,196.3,0.04,Aug
12/20/24,Station 3,Western,Petrol,1014,1.25,1.05,1267.5,1064.7,202.8,1014,50.7,0.04,Dec
12/26/24,Station 3,Eastern,Diesel,5827,1.2,1,6992.4,5827,1165.4,5827,291.35,0.04,Dec
10/12/24,Station 2,Central,LPG,5304,0.9,0.7,4773.6,3712.8,1060.8,5304,265.2,0.06,Oct
9/29/24,Station 5,Eastern,Diesel,3696,1.2,1,4435.2,3696,739.2,3696,184.8,0.04,Sep
3/2/24,Station 12,Ashanti,Petrol,4934,1.25,1.05,6167.5,5180.7,986.8,4934,246.7,0.04,Mar
3/24/24,Station 12,Eastern,Diesel,3084,1.2,1,3700.8,3084,616.8,3084,154.2,0.04,Mar
8/4/24,Station 3,Greater Accra,Petrol,567,1.25,1.05,708.75,595.35,113.4,567,28.35,0.04,Aug
12/7/24,Station 14,Ashanti,LPG,2096,0.9,0.7,1886.4,1467.2,419.2,2096,104.8,0.06,Dec
7/5/24,Station 6,Ashanti,Diesel,4978,1.2,1,5973.6,4978,995.6,4978,248.9,0.04,Jul
1/19/24,Station 2,Central,Petrol,518,1.25,1.05,647.5,543.9,103.6,518,25.9,0.04,Jan
6/25/24,Station 12,Western,Diesel,3230,1.2,1,3876,3230,646,3230,161.5,0.04,Jun
4/9/24,Station 3,Ashanti,Diesel,4021,1.2,1,4825.2,4021,804.2,4021,201.05,0.04,Apr
8/20/24,Station 5,Western,Petrol,1072,1.25,1.05,1340,1125.6,214.4,1072,53.6,0.04,Aug
3/16/24,Station 12,Eastern,Diesel,5895,1.2,1,7074,5895,1179,5895,294.75,0.04,Mar
9/21/24,Station 11,Greater Accra,Petrol,2758,1.25,1.05,3447.5,2895.9,551.6,2758,137.9,0.04,Sep
10/10/24,Station 11,Central,Diesel,3402,1.2,1,4082.4,3402,680.4,3402,170.1,0.04,Oct
7/24/24,Station 1,Western,Diesel,1150,1.2,1,1380,1150,230,1150,57.5,0.04,Jul
8/10/24,Station 13,Ashanti,Diesel,5589,1.2,1,6706.8,5589,1117.8,5589,279.45,0.04,Aug
2/21/24,Station 1,Western,Diesel,3087,1.2,1,3704.4,3087,617.4,3087,154.35,0.04,Feb
12/4/24,Station 10,Ashanti,Diesel,3762,1.2,1,4514.4,3762,752.4,3762,188.1,0.04,Dec
5/23/24,Station 9,Western,Petrol,1838,1.25,1.05,2297.5,1929.9,367.6,1838,91.9,0.04,May
3/9/24,Station 7,Ashanti,Diesel,5496,1.2,1,6595.2,5496,1099.2,5496,274.8,0.04,Mar
4/8/24,Station 1,Eastern,Petrol,4134,1.25,1.05,5167.5,4340.7,826.8,4134,206.7,0.04,Apr
1/25/24,Station 15,Ashanti,Petrol,3327,1.25,1.05,4158.75,3493.35,665.4,3327,166.35,0.04,Jan
2/22/24,Station 12,Ashanti,Petrol,5732,1.25,1.05,7165,6018.6,1146.4,5732,286.6,0.04,Feb
5/30/24,Station 14,Greater Accra,Petrol,2717,1.25,1.05,3396.25,2852.85,543.4,2717,135.85,0.04,May
5/23/24,Station 8,Ashanti,Diesel,4039,1.2,1,4846.8,4039,807.8,4039,201.95,0.04,May
2/26/24,Station 3,Greater Accra,Petrol,1537,1.25,1.05,1921.25,1613.85,307.4,1537,76.85,0.04,Feb
2/8/24,Station 8,Central,Diesel,4883,1.2,1,5859.6,4883,976.6,4883,244.15,0.04,Feb
4/18/24,Station 15,Greater Accra,Petrol,4478,1.25,1.05,5597.5,4701.9,895.6,4478,223.9,0.04,Apr
6/29/24,Station 5,Eastern,Petrol,3461,1.25,1.05,4326.25,3634.05,692.2,3461,173.05,0.04,Jun
2/11/24,Station 1,Greater Accra,Diesel,3726,1.2,1,4471.2,3726,745.2,3726,186.3,0.04,Feb
7/4/24,Station 7,Central,Petrol,1598,1.25,1.05,1997.5,1677.9,319.6,1598,79.9,0.04,Jul
8/10/24,Station 5,Eastern,Petrol,2824,1.25,1.05,3530,2965.2,564.8,2824,141.2,0.04,Aug
5/1/24,Station 6,Western,Diesel,1439,1.2,1,1726.8,1439,287.8,1439,71.95,0.04,May
5/12/24,Station 6,Western,Petrol,4216,1.25,1.05,5270,4426.8,843.2,4216,210.8,0.04,May
6/11/24,Station 8,Greater Accra,Diesel,3914,1.2,1,4696.8,3914,782.8,3914,195.7,0.04,Jun
8/2/24,Station 9,Greater Accra,Petrol,1948,1.25,1.05,2435,2045.4,389.6,1948,97.4,0.04,Aug
8/8/24,Station 2,Central,Petrol,1070,1.25,1.05,1337.5,1123.5,214,1070,53.5,0.04,Aug
8/22/24,Station 9,Central,Diesel,3404,1.2,1,4084.8,3404,680.8,3404,170.2,0.04,Aug
11/26/24,Station 12,Ashanti,Petrol,5596,1.25,1.05,6995,5875.8,1119.2,5596,279.8,0.04,Nov
5/25/24,Station 15,Central,Petrol,5801,1.25,1.05,7251.25,6091.05,1160.2,5801,290.05,0.04,May
8/26/24,Station 11,Ashanti,Petrol,3005,1.25,1.05,3756.25,3155.25,601,3005,150.25,0.04,Aug
3/16/24,Station 10,Eastern,Petrol,1417,1.25,1.05,1771.25,1487.85,283.4,1417,70.85,0.04,Mar
1/9/24,Station 9,Greater Accra,Diesel,2374,1.2,1,2848.8,2374,474.8,2374,118.7,0.04,Jan
3/14/24,Station 13,Eastern,Petrol,5428,1.25,1.05,6785,5699.4,1085.6,5428,271.4,0.04,Mar
9/9/24,Station 10,Central,Diesel,2178,1.2,1,2613.6,2178,435.6,2178,108.9,0.04,Sep
8/17/24,Station 15,Eastern,LPG,1115,0.9,0.7,1003.5,780.5,223,1115,55.75,0.06,Aug
1/7/24,Station 10,Eastern,Petrol,5001,1.25,1.05,6251.25,5251.05,1000.2,5001,250.05,0.04,Jan
6/22/24,Station 7,Eastern,LPG,2249,0.9,0.7,2024.1,1574.3,449.8,2249,112.45,0.06,Jun
5/20/24,Station 1,Central,Petrol,4325,1.25,1.05,5406.25,4541.25,865,4325,216.25,0.04,May
6/16/24,Station 7,Eastern,LPG,4688,0.9,0.7,4219.2,3281.6,937.6,4688,234.4,0.06,Jun
6/18/24,Station 10,Ashanti,Petrol,2977,1.25,1.05,3721.25,3125.85,595.4,2977,148.85,0.04,Jun
10/9/24,Station 5,Central,Diesel,5249,1.2,1,6298.8,5249,1049.8,5249,262.45,0.04,Oct
5/1/24,Station 6,Eastern,Petrol,4005,1.25,1.05,5006.25,4205.25,801,4005,200.25,0.04,May
7/12/24,Station 10,Central,Petrol,3975,1.25,1.05,4968.75,4173.75,795,3975,198.75,0.04,Jul
1/5/24,Station 7,Western,Diesel,5029,1.2,1,6034.8,5029,1005.8,5029,251.45,0.04,Jan
1/29/24,Station 14,Ashanti,Diesel,1635,1.2,1,1962,1635,327,1635,81.75,0.04,Jan
6/13/24,Station 15,Eastern,Petrol,4500,1.25,1.05,5625,4725,900,4500,225,0.04,Jun
12/4/24,Station 5,Western,Petrol,874,1.25,1.05,1092.5,917.7,174.8,874,43.7,0.04,Dec
5/15/24,Station 7,Western,Diesel,5662,1.2,1,6794.4,5662,1132.4,5662,283.1,0.04,May
12/30/24,Station 9,Central,Diesel,706,1.2,1,847.2,706,141.2,706,35.3,0.04,Dec
11/16/24,Station 3,Western,LPG,5375,0.9,0.7,4837.5,3762.5,1075,5375,268.75,0.06,Nov
12/7/24,Station 8,Ashanti,Diesel,1819,1.2,1,2182.8,1819,363.8,1819,90.95,0.04,Dec
5/24/24,Station 2,Ashanti,LPG,1641,0.9,0.7,1476.9,1148.7,328.2,1641,82.05,0.06,May
11/22/24,Station 11,Greater Accra,Diesel,5127,1.2,1,6152.4,5127,1025.4,5127,256.35,0.04,Nov
8/4/24,Station 7,Ashanti,Petrol,3190,1.25,1.05,3987.5,3349.5,638,3190,159.5,0.04,Aug
10/27/24,Station 13,Western,Petrol,3755,1.25,1.05,4693.75,3942.75,751,3755,187.75,0.04,Oct
5/11/24,Station 2,Ashanti,Diesel,589,1.2,1,706.8,589,117.8,589,29.45,0.04,May
10/18/24,Station 15,Central,Diesel,5713,1.2,1,6855.6,5713,1142.6,5713,285.65,0.04,Oct
3/10/24,Station 14,Greater Accra,Petrol,4608,1.25,1.05,5760,4838.4,921.6,4608,230.4,0.04,Mar
9/8/24,Station 4,Western,Petrol,3520,1.25,1.05,4400,3696,704,3520,176,0.04,Sep
10/1/24,Station 7,Greater Accra,LPG,2357,0.9,0.7,2121.3,1649.9,471.4,2357,117.85,0.06,Oct
12/29/24,Station 3,Western,Diesel,1304,1.2,1,1564.8,1304,260.8,1304,65.2,0.04,Dec
6/30/24,Station 2,Central,Petrol,1444,1.25,1.05,1805,1516.2,288.8,1444,72.2,0.04,Jun
6/15/24,Station 11,Greater Accra,Petrol,3289,1.25,1.05,4111.25,3453.45,657.8,3289,164.45,0.04,Jun
3/31/24,Station 10,Eastern,Petrol,4375,1.25,1.05,5468.75,4593.75,875,4375,218.75,0.04,Mar
7/20/24,Station 7,Western,Petrol,2110,1.25,1.05,2637.5,2215.5,422,2110,105.5,0.04,Jul
12/11/24,Station 1,Eastern,Petrol,3423,1.25,1.05,4278.75,3594.15,684.6,3423,171.15,0.04,Dec
1/19/24,Station 14,Greater Accra,Petrol,4382,1.25,1.05,5477.5,4601.1,876.4,4382,219.1,0.04,Jan
2/8/24,Station 15,Eastern,Diesel,3721,1.2,1,4465.2,3721,744.2,3721,186.05,0.04,Feb
5/5/24,Station 8,Eastern,Petrol,5648,1.25,1.05,7060,5930.4,1129.6,5648,282.4,0.04,May
6/21/24,Station 3,Greater Accra,Diesel,4891,1.2,1,5869.2,4891,978.2,4891,244.55,0.04,Jun
5/20/24,Station 12,Central,LPG,5521,0.9,0.7,4968.9,3864.7,1104.2,5521,276.05,0.06,May
8/29/24,Station 12,Eastern,Petrol,5235,1.25,1.05,6543.75,5496.75,1047,5235,261.75,0.04,Aug
8/7/24,Station 13,Eastern,Diesel,2887,1.2,1,3464.4,2887,577.4,2887,144.35,0.04,Aug
5/5/24,Station 2,Central,Petrol,5223,1.25,1.05,6528.75,5484.15,1044.6,5223,261.15,0.04,May
2/27/24,Station 3,Eastern,LPG,5763,0.9,0.7,5186.7,4034.1,1152.6,5763,288.15,0.06,Feb
5/27/24,Station 5,Eastern,Petrol,1441,1.25,1.05,1801.25,1513.05,288.2,1441,72.05,0.04,May
11/12/24,Station 11,Eastern,Diesel,5425,1.2,1,6510,5425,1085,5425,271.25,0.04,Nov
12/26/24,Station 8,Ashanti,Diesel,3066,1.2,1,3679.2,3066,613.2,3066,153.3,0.04,Dec
1/1/24,Station 10,Central,Petrol,1475,1.25,1.05,1843.75,1548.75,295,1475,73.75,0.04,Jan
12/13/24,Station 7,Eastern,Petrol,1454,1.25,1.05,1817.5,1526.7,290.8,1454,72.7,0.04,Dec
7/8/24,Station 7,Central,Diesel,1762,1.2,1,2114.4,1762,352.4,1762,88.1,0.04,Jul
7/9/24,Station 12,Western,Diesel,5547,1.2,1,6656.4,5547,1109.4,5547,277.35,0.04,Jul
11/7/24,Station 7,Western,Petrol,1443,1.25,1.05,1803.75,1515.15,288.6,1443,72.15,0.04,Nov
4/26/24,Station 15,Eastern,Diesel,2702,1.2,1,3242.4,2702,540.4,2702,135.1,0.04,Apr
5/13/24,Station 8,Central,Petrol,5800,1.25,1.05,7250,6090,1160,5800,290,0.04,May
2/27/24,Station 1,Central,Diesel,3827,1.2,1,4592.4,3827,765.4,3827,191.35,0.04,Feb
2/13/24,Station 4,Central,Petrol,5692,1.25,1.05,7115,5976.6,1138.4,5692,284.6,0.04,Feb
6/21/24,Station 13,Ashanti,LPG,4774,0.9,0.7,4296.6,3341.8,954.8,4774,238.7,0.06,Jun
6/8/24,Station 6,Western,Petrol,2759,1.25,1.05,3448.75,2896.95,551.8,2759,137.95,0.04,Jun
6/21/24,Station 9,Central,Petrol,2328,1.25,1.05,2910,2444.4,465.6,2328,116.4,0.04,Jun
11/12/24,Station 13,Central,Petrol,1757,1.25,1.05,2196.25,1844.85,351.4,1757,87.85,0.04,Nov
10/29/24,Station 2,Ashanti,Petrol,964,1.25,1.05,1205,1012.2,192.8,964,48.2,0.04,Oct
5/28/24,Station 1,Ashanti,Diesel,3794,1.2,1,4552.8,3794,758.8,3794,189.7,0.04,May
3/20/24,Station 13,Central,Petrol,1730,1.25,1.05,2162.5,1816.5,346,1730,86.5,0.04,Mar
7/31/24,Station 10,Greater Accra,Diesel,3154,1.2,1,3784.8,3154,630.8,3154,157.7,0.04,Jul
7/21/24,Station 12,Central,Petrol,1384,1.25,1.05,1730,1453.2,276.8,1384,69.2,0.04,Jul
9/8/24,Station 14,Central,Petrol,4305,1.25,1.05,5381.25,4520.25,861,4305,215.25,0.04,Sep
8/16/24,Station 2,Ashanti,Petrol,5928,1.25,1.05,7410,6224.4,1185.6,5928,296.4,0.04,Aug
6/12/24,Station 7,Ashanti,Petrol,5540,1.25,1.05,6925,5817,1108,5540,277,0.04,Jun
8/14/24,Station 3,Central,Petrol,4356,1.25,1.05,5445,4573.8,871.2,4356,217.8,0.04,Aug
5/26/24,Station 10,Central,Petrol,3635,1.25,1.05,4543.75,3816.75,727,3635,181.75,0.04,May
1/20/24,Station 2,Central,Petrol,1424,1.25,1.05,1780,1495.2,284.8,1424,71.2,0.04,Jan
2/16/24,Station 14,Ashanti,Petrol,5089,1.25,1.05,6361.25,5343.45,1017.8,5089,254.45,0.04,Feb
8/20/24,Station 11,Central,Diesel,2046,1.2,1,2455.2,2046,409.2,2046,102.3,0.04,Aug
10/31/24,Station 7,Central,Diesel,1594,1.2,1,1912.8,1594,318.8,1594,79.7,0.04,Oct
1/14/24,Station 13,Eastern,Petrol,2911,1.25,1.05,3638.75,3056.55,582.2,2911,145.55,0.04,Jan
5/22/24,Station 13,Greater Accra,Petrol,3117,1.25,1.05,3896.25,3272.85,623.4,3117,155.85,0.04,May
1/1/24,Station 2,Western,LPG,1262,0.9,0.7,1135.8,883.4,252.4,1262,63.1,0.06,Jan
2/23/24,Station 3,Greater Accra,Diesel,2823,1.2,1,3387.6,2823,564.6,2823,141.15,0.04,Feb
9/15/24,Station 11,Eastern,Diesel,4645,1.2,1,5574,4645,929,4645,232.25,0.04,Sep
5/23/24,Station 7,Western,Petrol,3275,1.25,1.05,4093.75,3438.75,655,3275,163.75,0.04,May
1/12/24,Station 14,Central,Diesel,5501,1.2,1,6601.2,5501,1100.2,5501,275.05,0.04,Jan
11/25/24,Station 4,Eastern,Diesel,5159,1.2,1,6190.8,5159,1031.8,5159,257.95,0.04,Nov
8/11/24,Station 13,Central,Diesel,5378,1.2,1,6453.6,5378,1075.6,5378,268.9,0.04,Aug
9/28/24,Station 14,Ashanti,LPG,3655,0.9,0.7,3289.5,2558.5,731,3655,182.75,0.06,Sep
12/23/24,Station 1,Eastern,Petrol,4470,1.25,1.05,5587.5,4693.5,894,4470,223.5,0.04,Dec
6/4/24,Station 13,Ashanti,Petrol,2540,1.25,1.05,3175,2667,508,2540,127,0.04,Jun
1/8/24,Station 14,Eastern,Diesel,1083,1.2,1,1299.6,1083,216.6,1083,54.15,0.04,Jan
5/1/24,Station 5,Eastern,Diesel,5915,1.2,1,7098,5915,1183,5915,295.75,0.04,May
12/13/24,Station 12,Ashanti,Petrol,4831,1.25,1.05,6038.75,5072.55,966.2,4831,241.55,0.04,Dec
6/12/24,Station 9,Western,Petrol,2603,1.25,1.05,3253.75,2733.15,520.6,2603,130.15,0.04,Jun
3/30/24,Station 8,Greater Accra,Petrol,2442,1.25,1.05,3052.5,2564.1,488.4,2442,122.1,0.04,Mar
5/15/24,Station 12,Central,Petrol,4955,1.25,1.05,6193.75,5202.75,991,4955,247.75,0.04,May
7/4/24,Station 15,Eastern,Diesel,609,1.2,1,730.8,609,121.8,609,30.45,0.04,Jul
11/11/24,Station 9,Central,Diesel,691,1.2,1,829.2,691,138.2,691,34.55,0.04,Nov
6/26/24,Station 10,Ashanti,Petrol,1403,1.25,1.05,1753.75,1473.15,280.6,1403,70.15,0.04,Jun
1/28/24,Station 14,Central,Petrol,5712,1.25,1.05,7140,5997.6,1142.4,5712,285.6,0.04,Jan
8/7/24,Station 9,Ashanti,Petrol,1361,1.25,1.05,1701.25,1429.05,272.2,1361,68.05,0.04,Aug
12/22/24,Station 15,Central,Petrol,1583,1.25,1.05,1978.75,1662.15,316.6,1583,79.15,0.04,Dec
2/10/24,Station 7,Greater Accra,Diesel,1149,1.2,1,1378.8,1149,229.8,1149,57.45,0.04,Feb
8/15/24,Station 4,Greater Accra,LPG,4634,0.9,0.7,4170.6,3243.8,926.8,4634,231.7,0.06,Aug
7/10/24,Station 5,Greater Accra,Diesel,4111,1.2,1,4933.2,4111,822.2,4111,205.55,0.04,Jul
5/24/24,Station 1,Greater Accra,Petrol,1136,1.25,1.05,1420,1192.8,227.2,1136,56.8,0.04,May
7/19/24,Station 14,Greater Accra,LPG,1536,0.9,0.7,1382.4,1075.2,307.2,1536,76.8,0.06,Jul
7/30/24,Station 1,Greater Accra,Diesel,4631,1.2,1,5557.2,4631,926.2,4631,231.55,0.04,Jul
8/7/24,Station 3,Ashanti,Diesel,2648,1.2,1,3177.6,2648,529.6,2648,132.4,0.04,Aug
8/27/24,Station 13,Eastern,Petrol,4365,1.25,1.05,5456.25,4583.25,873,4365,218.25,0.04,Aug
2/15/24,Station 14,Central,Petrol,3657,1.25,1.05,4571.25,3839.85,731.4,3657,182.85,0.04,Feb
2/4/24,Station 8,Greater Accra,Petrol,4087,1.25,1.05,5108.75,4291.35,817.4,4087,204.35,0.04,Feb
9/9/24,Station 14,Ashanti,Petrol,3794,1.25,1.05,4742.5,3983.7,758.8,3794,189.7,0.04,Sep
3/22/24,Station 2,Ashanti,Petrol,5957,1.25,1.05,7446.25,6254.85,1191.4,5957,297.85,0.04,Mar
9/12/24,Station 4,Ashanti,Petrol,4761,1.25,1.05,5951.25,4999.05,952.2,4761,238.05,0.04,Sep
7/15/24,Station 2,Eastern,Petrol,2930,1.25,1.05,3662.5,3076.5,586,2930,146.5,0.04,Jul
10/29/24,Station 14,Central,Diesel,2379,1.2,1,2854.8,2379,475.8,2379,118.95,0.04,Oct
1/10/24,Station 5,Eastern,Petrol,4466,1.25,1.05,5582.5,4689.3,893.2,4466,223.3,0.04,Jan
11/7/24,Station 9,Western,Petrol,4213,1.25,1.05,5266.25,4423.65,842.6,4213,210.65,0.04,Nov
10/12/24,Station 1,Ashanti,LPG,4626,0.9,0.7,4163.4,3238.2,925.2,4626,231.3,0.06,Oct
8/29/24,Station 5,Western,LPG,4606,0.9,0.7,4145.4,3224.2,921.2,4606,230.3,0.06,Aug
9/7/24,Station 14,Greater Accra,Diesel,2511,1.2,1,3013.2,2511,502.2,2511,125.55,0.04,Sep
12/30/24,Station 15,Greater Accra,LPG,3873,0.9,0.7,3485.7,2711.1,774.6,3873,193.65,0.06,Dec
1/5/24,Station 9,Eastern,Diesel,2643,1.2,1,3171.6,2643,528.6,2643,132.15,0.04,Jan
4/28/24,Station 15,Central,LPG,3000,0.9,0.7,2700,2100,600,3000,150,0.06,Apr
10/15/24,Station 1,Western,Petrol,5081,1.25,1.05,6351.25,5335.05,1016.2,5081,254.05,0.04,Oct
3/5/24,Station 9,Central,Petrol,1789,1.25,1.05,2236.25,1878.45,357.8,1789,89.45,0.04,Mar
5/25/24,Station 8,Eastern,Petrol,1947,1.25,1.05,2433.75,2044.35,389.4,1947,97.35,0.04,May
8/11/24,Station 4,Greater Accra,Petrol,3699,1.25,1.05,4623.75,3883.95,739.8,3699,184.95,0.04,Aug
8/26/24,Station 12,Central,Petrol,2443,1.25,1.05,3053.75,2565.15,488.6,2443,122.15,0.04,Aug
6/25/24,Station 11,Central,Diesel,3683,1.2,1,4419.6,3683,736.6,3683,184.15,0.04,Jun
9/23/24,Station 10,Greater Accra,Diesel,5962,1.2,1,7154.4,5962,1192.4,5962,298.1,0.04,Sep
12/6/24,Station 5,Western,Diesel,3716,1.2,1,4459.2,3716,743.2,3716,185.8,0.04,Dec
10/8/24,Station 13,Greater Accra,Petrol,3636,1.25,1.05,4545,3817.8,727.2,3636,181.8,0.04,Oct
3/3/24,Station 5,Central,Diesel,3818,1.2,1,4581.6,3818,763.6,3818,190.9,0.04,Mar
8/4/24,Station 11,Western,Diesel,3282,1.2,1,3938.4,3282,656.4,3282,164.1,0.04,Aug
12/7/24,Station 12,Western,Petrol,1490,1.25,1.05,1862.5,1564.5,298,1490,74.5,0.04,Dec
11/10/24,Station 6,Greater Accra,Diesel,5420,1.2,1,6504,5420,1084,5420,271,0.04,Nov
10/9/24,Station 7,Central,Petrol,2653,1.25,1.05,3316.25,2785.65,530.6,2653,132.65,0.04,Oct
6/25/24,Station 8,Eastern,Petrol,725,1.25,1.05,906.25,761.25,145,725,36.25,0.04,Jun
4/7/24,Station 15,Central,LPG,1276,0.9,0.7,1148.4,893.2,255.2,1276,63.8,0.06,Apr
4/14/24,Station 14,Ashanti,Petrol,3337,1.25,1.05,4171.25,3503.85,667.4,3337,166.85,0.04,Apr
4/8/24,Station 8,Eastern,Petrol,5708,1.25,1.05,7135,5993.4,1141.6,5708,285.4,0.04,Apr
11/6/24,Station 11,Western,LPG,1187,0.9,0.7,1068.3,830.9,237.4,1187,59.35,0.06,Nov
1/6/24,Station 14,Eastern,Diesel,1029,1.2,1,1234.8,1029,205.8,1029,51.45,0.04,Jan
7/15/24,Station 13,Western,Petrol,3942,1.25,1.05,4927.5,4139.1,788.4,3942,197.1,0.04,Jul
12/16/24,Station 2,Western,Petrol,5567,1.25,1.05,6958.75,5845.35,1113.4,5567,278.35,0.04,Dec
5/12/24,Station 9,Eastern,Petrol,5531,1.25,1.05,6913.75,5807.55,1106.2,5531,276.55,0.04,May
12/23/24,Station 7,Western,Diesel,2653,1.2,1,3183.6,2653,530.6,2653,132.65,0.04,Dec
9/15/24,Station 4,Western,Petrol,1794,1.25,1.05,2242.5,1883.7,358.8,1794,89.7,0.04,Sep
1/23/24,Station 4,Ashanti,Petrol,2026,1.25,1.05,2532.5,2127.3,405.2,2026,101.3,0.04,Jan
2/22/24,Station 11,Central,LPG,5274,0.9,0.7,4746.6,3691.8,1054.8,5274,263.7,0.06,Feb
6/13/24,Station 8,Central,Diesel,3396,1.2,1,4075.2,3396,679.2,3396,169.8,0.04,Jun
7/20/24,Station 4,Ashanti,Petrol,3603,1.25,1.05,4503.75,3783.15,720.6,3603,180.15,0.04,Jul
3/23/24,Station 13,Eastern,Diesel,2940,1.2,1,3528,2940,588,2940,147,0.04,Mar
5/24/24,Station 15,Greater Accra,Diesel,4635,1.2,1,5562,4635,927,4635,231.75,0.04,May
3/25/24,Station 6,Greater Accra,Petrol,4302,1.25,1.05,5377.5,4517.1,860.4,4302,215.1,0.04,Mar
3/18/24,Station 5,Greater Accra,Petrol,5701,1.25,1.05,7126.25,5986.05,1140.2,5701,285.05,0.04,Mar
12/31/24,Station 3,Ashanti,Diesel,1344,1.2,1,1612.8,1344,268.8,1344,67.2,0.04,Dec
1/1/24,Station 13,Ashanti,Petrol,946,1.25,1.05,1182.5,993.3,189.2,946,47.3,0.04,Jan
2/20/24,Station 14,Western,Diesel,4415,1.2,1,5298,4415,883,4415,220.75,0.04,Feb
6/21/24,Station 10,Greater Accra,Petrol,3609,1.25,1.05,4511.25,3789.45,721.8,3609,180.45,0.04,Jun
7/23/24,Station 11,Eastern,Petrol,1734,1.25,1.05,2167.5,1820.7,346.8,1734,86.7,0.04,Jul
9/16/24,Station 2,Eastern,Petrol,5946,1.25,1.05,7432.5,6243.3,1189.2,5946,297.3,0.04,Sep
10/14/24,Station 9,Greater Accra,Petrol,726,1.25,1.05,907.5,762.3,145.2,726,36.3,0.04,Oct
2/3/24,Station 10,Greater Accra,Petrol,4643,1.25,1.05,5803.75,4875.15,928.6,4643,232.15,0.04,Feb
12/13/24,Station 9,Greater Accra,Petrol,3459,1.25,1.05,4323.75,3631.95,691.8,3459,172.95,0.04,Dec
4/4/24,Station 1,Ashanti,Diesel,2330,1.2,1,2796,2330,466,2330,116.5,0.04,Apr
3/12/24,Station 10,Ashanti,LPG,4279,0.9,0.7,3851.1,2995.3,855.8,4279,213.95,0.06,Mar
2/8/24,Station 3,Ashanti,Diesel,686,1.2,1,823.2,686,137.2,686,34.3,0.04,Feb
6/2/24,Station 8,Central,LPG,3377,0.9,0.7,3039.3,2363.9,675.4,3377,168.85,0.06,Jun
9/6/24,Station 6,Eastern,Petrol,3035,1.25,1.05,3793.75,3186.75,607,3035,151.75,0.04,Sep
6/10/24,Station 5,Eastern,LPG,2432,0.9,0.7,2188.8,1702.4,486.4,2432,121.6,0.06,Jun
4/27/24,Station 5,Western,Petrol,3424,1.25,1.05,4280,3595.2,684.8,3424,171.2,0.04,Apr
9/15/24,Station 6,Ashanti,LPG,1348,0.9,0.7,1213.2,943.6,269.6,1348,67.4,0.06,Sep
11/1/24,Station 15,Central,LPG,2532,0.9,0.7,2278.8,1772.4,506.4,2532,126.6,0.06,Nov
9/24/24,Station 7,Central,Diesel,1752,1.2,1,2102.4,1752,350.4,1752,87.6,0.04,Sep
2/23/24,Station 1,Eastern,LPG,5574,0.9,0.7,5016.6,3901.8,1114.8,5574,278.7,0.06,Feb
8/23/24,Station 9,Ashanti,Diesel,5612,1.2,1,6734.4,5612,1122.4,5612,280.6,0.04,Aug
8/9/24,Station 3,Western,Petrol,2381,1.25,1.05,2976.25,2500.05,476.2,2381,119.05,0.04,Aug
9/7/24,Station 4,Ashanti,Petrol,769,1.25,1.05,961.25,807.45,153.8,769,38.45,0.04,Sep
11/8/24,Station 10,Greater Accra,Diesel,2130,1.2,1,2556,2130,426,2130,106.5,0.04,Nov
4/21/24,Station 1,Ashanti,Petrol,4905,1.25,1.05,6131.25,5150.25,981,4905,245.25,0.04,Apr
9/11/24,Station 13,Greater Accra,Diesel,3703,1.2,1,4443.6,3703,740.6,3703,185.15,0.04,Sep
10/29/24,Station 11,Greater Accra,LPG,2074,0.9,0.7,1866.6,1451.8,414.8,2074,103.7,0.06,Oct
7/25/24,Station 10,Western,Petrol,5691,1.25,1.05,7113.75,5975.55,1138.2,5691,284.55,0.04,Jul
8/16/24,Station 3,Eastern,Diesel,3392,1.2,1,4070.4,3392,678.4,3392,169.6,0.04,Aug
12/6/24,Station 2,Ashanti,LPG,2195,0.9,0.7,1975.5,1536.5,439,2195,109.75,0.06,Dec
3/6/24,Station 2,Greater Accra,LPG,3758,0.9,0.7,3382.2,2630.6,751.6,3758,187.9,0.06,Mar
3/15/24,Station 14,Ashanti,LPG,3762,0.9,0.7,3385.8,2633.4,752.4,3762,188.1,0.06,Mar
4/12/24,Station 1,Eastern,Diesel,1945,1.2,1,2334,1945,389,1945,97.25,0.04,Apr
7/10/24,Station 8,Eastern,LPG,719,0.9,0.7,647.1,503.3,143.8,719,35.95,0.06,Jul
9/8/24,Station 3,Central,Diesel,552,1.2,1,662.4,552,110.4,552,27.6,0.04,Sep
8/13/24,Station 3,Eastern,Petrol,2257,1.25,1.05,2821.25,2369.85,451.4,2257,112.85,0.04,Aug
10/20/24,Station 6,Western,Petrol,2166,1.25,1.05,2707.5,2274.3,433.2,2166,108.3,0.04,Oct
11/1/24,Station 13,Greater Accra,Diesel,5856,1.2,1,7027.2,5856,1171.2,5856,292.8,0.04,Nov
4/7/24,Station 8,Central,Petrol,3285,1.25,1.05,4106.25,3449.25,657,3285,164.25,0.04,Apr
12/3/24,Station 13,Western,Diesel,1219,1.2,1,1462.8,1219,243.8,1219,60.95,0.04,Dec
10/12/24,Station 15,Ashanti,Diesel,905,1.2,1,1086,905,181,905,45.25,0.04,Oct
11/30/24,Station 9,Greater Accra,Petrol,2794,1.25,1.05,3492.5,2933.7,558.8,2794,139.7,0.04,Nov
12/12/24,Station 9,Eastern,Diesel,571,1.2,1,685.2,571,114.2,571,28.55,0.04,Dec
11/3/24,Station 4,Greater Accra,Diesel,2553,1.2,1,3063.6,2553,510.6,2553,127.65,0.04,Nov
9/5/24,Station 14,Ashanti,Petrol,1729,1.25,1.05,2161.25,1815.45,345.8,1729,86.45,0.04,Sep
6/14/24,Station 5,Central,Petrol,2067,1.25,1.05,2583.75,2170.35,413.4,2067,103.35,0.04,Jun
11/30/24,Station 2,Central,Petrol,4182,1.25,1.05,5227.5,4391.1,836.4,4182,209.1,0.04,Nov
1/30/24,Station 11,Central,Petrol,3453,1.25,1.05,4316.25,3625.65,690.6,3453,172.65,0.04,Jan
9/3/24,Station 9,Eastern,LPG,4982,0.9,0.7,4483.8,3487.4,996.4,4982,249.1,0.06,Sep
4/15/24,Station 8,Western,Petrol,1198,1.25,1.05,1497.5,1257.9,239.6,1198,59.9,0.04,Apr
2/20/24,Station 3,Western,Diesel,5796,1.2,1,6955.2,5796,1159.2,5796,289.8,0.04,Feb
3/21/24,Station 11,Greater Accra,Petrol,1326,1.25,1.05,1657.5,1392.3,265.2,1326,66.3,0.04,Mar
5/12/24,Station 12,Eastern,Petrol,848,1.25,1.05,1060,890.4,169.6,848,42.4,0.04,May
10/11/24,Station 13,Central,Diesel,5874,1.2,1,7048.8,5874,1174.8,5874,293.7,0.04,Oct
5/17/24,Station 9,Central,Diesel,4408,1.2,1,5289.6,4408,881.6,4408,220.4,0.04,May
7/2/24,Station 3,Ashanti,Petrol,807,1.25,1.05,1008.75,847.35,161.4,807,40.35,0.04,Jul
11/25/24,Station 9,Ashanti,Petrol,3916,1.25,1.05,4895,4111.8,783.2,3916,195.8,0.04,Nov
9/29/24,Station 2,Central,Petrol,5746,1.25,1.05,7182.5,6033.3,1149.2,5746,287.3,0.04,Sep
12/5/24,Station 12,Central,Petrol,2834,1.25,1.05,3542.5,2975.7,566.8,2834,141.7,0.04,Dec
3/9/24,Station 10,Eastern,Diesel,5361,1.2,1,6433.2,5361,1072.2,5361,268.05,0.04,Mar
2/3/24,Station 9,Western,Petrol,5320,1.25,1.05,6650,5586,1064,5320,266,0.04,Feb
9/18/24,Station 15,Ashanti,Petrol,3309,1.25,1.05,4136.25,3474.45,661.8,3309,165.45,0.04,Sep
2/22/24,Station 8,Western,Petrol,4058,1.25,1.05,5072.5,4260.9,811.6,4058,202.9,0.04,Feb
7/23/24,Station 9,Eastern,LPG,4978,0.9,0.7,4480.2,3484.6,995.6,4978,248.9,0.06,Jul
5/5/24,Station 5,Central,LPG,3977,0.9,0.7,3579.3,2783.9,795.4,3977,198.85,0.06,May
8/22/24,Station 11,Western,Petrol,5120,1.25,1.05,6400,5376,1024,5120,256,0.04,Aug
2/12/24,Station 11,Central,Diesel,3186,1.2,1,3823.2,3186,637.2,3186,159.3,0.04,Feb
8/27/24,Station 2,Central,Petrol,3485,1.25,1.05,4356.25,3659.25,697,3485,174.25,0.04,Aug
4/20/24,Station 8,Greater Accra,Petrol,775,1.25,1.05,968.75,813.75,155,775,38.75,0.04,Apr
9/5/24,Station 12,Western,Diesel,3047,1.2,1,3656.4,3047,609.4,3047,152.35,0.04,Sep
5/30/24,Station 15,Western,LPG,3264,0.9,0.7,2937.6,2284.8,652.8,3264,163.2,0.06,May
7/1/24,Station 6,Central,LPG,836,0.9,0.7,752.4,585.2,167.2,836,41.8,0.06,Jul
12/1/24,Station 8,Eastern,Diesel,2473,1.2,1,2967.6,2473,494.6,2473,123.65,0.04,Dec
4/4/24,Station 11,Greater Accra,Petrol,3479,1.25,1.05,4348.75,3652.95,695.8,3479,173.95,0.04,Apr
1/8/24,Station 5,Central,Diesel,5076,1.2,1,6091.2,5076,1015.2,5076,253.8,0.04,Jan
12/25/24,Station 10,Ashanti,Petrol,4468,1.25,1.05,5585,4691.4,893.6,4468,223.4,0.04,Dec
7/2/24,Station 2,Ashanti,Diesel,1410,1.2,1,1692,1410,282,1410,70.5,0.04,Jul
10/7/24,Station 6,Greater Accra,Petrol,2496,1.25,1.05,3120,2620.8,499.2,2496,124.8,0.04,Oct
7/13/24,Station 5,Eastern,Diesel,3629,1.2,1,4354.8,3629,725.8,3629,181.45,0.04,Jul
12/17/24,Station 12,Central,Petrol,5947,1.25,1.05,7433.75,6244.35,1189.4,5947,297.35,0.04,Dec
7/13/24,Station 13,Western,Petrol,4704,1.25,1.05,5880,4939.2,940.8,4704,235.2,0.04,Jul
6/3/24,Station 12,Greater Accra,LPG,4257,0.9,0.7,3831.3,2979.9,851.4,4257,212.85,0.06,Jun
4/2/24,Station 5,Eastern,Petrol,827,1.25,1.05,1033.75,868.35,165.4,827,41.35,0.04,Apr
6/8/24,Station 13,Western,Diesel,2299,1.2,1,2758.8,2299,459.8,2299,114.95,0.04,Jun
3/1/24,Station 1,Ashanti,Petrol,814,1.25,1.05,1017.5,854.7,162.8,814,40.7,0.04,Mar
5/1/24,Station 2,Ashanti,Petrol,4045,1.25,1.05,5056.25,4247.25,809,4045,202.25,0.04,May
2/20/24,Station 8,Western,Petrol,1634,1.25,1.05,2042.5,1715.7,326.8,1634,81.7,0.04,Feb
10/3/24,Station 13,Greater Accra,Petrol,3246,1.25,1.05,4057.5,3408.3,649.2,3246,162.3,0.04,Oct
1/5/24,Station 14,Ashanti,LPG,5376,0.9,0.7,4838.4,3763.2,1075.2,5376,268.8,0.06,Jan
4/1/24,Station 13,Central,Petrol,2020,1.25,1.05,2525,2121,404,2020,101,0.04,Apr
6/18/24,Station 3,Western,LPG,655,0.9,0.7,589.5,458.5,131,655,32.75,0.06,Jun
11/12/24,Station 10,Western,Diesel,2224,1.2,1,2668.8,2224,444.8,2224,111.2,0.04,Nov
1/22/24,Station 3,Ashanti,Petrol,3843,1.25,1.05,4803.75,4035.15,768.6,3843,192.15,0.04,Jan
11/21/24,Station 8,Greater Accra,Diesel,1386,1.2,1,1663.2,1386,277.2,1386,69.3,0.04,Nov
1/1/24,Station 8,Central,Diesel,3573,1.2,1,4287.6,3573,714.6,3573,178.65,0.04,Jan
5/12/24,Station 2,Greater Accra,Diesel,3305,1.2,1,3966,3305,661,3305,165.25,0.04,May
8/20/24,Station 8,Eastern,Petrol,1221,1.25,1.05,1526.25,1282.05,244.2,1221,61.05,0.04,Aug
1/12/24,Station 11,Eastern,Petrol,1412,1.25,1.05,1765,1482.6,282.4,1412,70.6,0.04,Jan
12/11/24,Station 13,Ashanti,LPG,3857,0.9,0.7,3471.3,2699.9,771.4,3857,192.85,0.06,Dec
2/15/24,Station 13,Ashanti,LPG,1370,0.9,0.7,1233,959,274,1370,68.5,0.06,Feb
2/3/24,Station 1,Ashanti,LPG,4608,0.9,0.7,4147.2,3225.6,921.6,4608,230.4,0.06,Feb
3/18/24,Station 6,Eastern,Petrol,997,1.25,1.05,1246.25,1046.85,199.4,997,49.85,0.04,Mar
8/5/24,Station 8,Greater Accra,Diesel,2256,1.2,1,2707.2,2256,451.2,2256,112.8,0.04,Aug
10/27/24,Station 3,Greater Accra,Petrol,1617,1.25,1.05,2021.25,1697.85,323.4,1617,80.85,0.04,Oct
3/13/24,Station 8,Ashanti,Petrol,3909,1.25,1.05,4886.25,4104.45,781.8,3909,195.45,0.04,Mar
10/8/24,Station 12,Central,Petrol,3328,1.25,1.05,4160,3494.4,665.6,3328,166.4,0.04,Oct
9/5/24,Station 1,Greater Accra,Diesel,5790,1.2,1,6948,5790,1158,5790,289.5,0.04,Sep
2/16/24,Station 11,Eastern,Petrol,2147,1.25,1.05,2683.75,2254.35,429.4,2147,107.35,0.04,Feb
4/30/24,Station 11,Western,Petrol,3483,1.25,1.05,4353.75,3657.15,696.6,3483,174.15,0.04,Apr
8/1/24,Station 9,Western,LPG,642,0.9,0.7,577.8,449.4,128.4,642,32.1,0.06,Aug
8/26/24,Station 13,Western,Petrol,5820,1.25,1.05,7275,6111,1164,5820,291,0.04,Aug
2/25/24,Station 11,Central,Petrol,3261,1.25,1.05,4076.25,3424.05,652.2,3261,163.05,0.04,Feb
12/15/24,Station 13,Ashanti,Petrol,3935,1.25,1.05,4918.75,4131.75,787,3935,196.75,0.04,Dec
4/16/24,Station 9,Eastern,LPG,5160,0.9,0.7,4644,3612,1032,5160,258,0.06,Apr
11/14/24,Station 5,Central,Diesel,2931,1.2,1,3517.2,2931,586.2,2931,146.55,0.04,Nov
2/17/24,Station 10,Eastern,Petrol,5012,1.25,1.05,6265,5262.6,1002.4,5012,250.6,0.04,Feb
3/1/24,Station 4,Eastern,Diesel,2348,1.2,1,2817.6,2348,469.6,2348,117.4,0.04,Mar
12/2/24,Station 15,Ashanti,Diesel,3196,1.2,1,3835.2,3196,639.2,3196,159.8,0.04,Dec
1/26/24,Station 11,Western,Petrol,2217,1.25,1.05,2771.25,2327.85,443.4,2217,110.85,0.04,Jan
10/18/24,Station 6,Ashanti,Diesel,5986,1.2,1,7183.2,5986,1197.2,5986,299.3,0.04,Oct
9/13/24,Station 12,Central,Diesel,3572,1.2,1,4286.4,3572,714.4,3572,178.6,0.04,Sep
1/8/24,Station 7,Central,Diesel,1567,1.2,1,1880.4,1567,313.4,1567,78.35,0.04,Jan
4/22/24,Station 5,Central,Petrol,3286,1.25,1.05,4107.5,3450.3,657.2,3286,164.3,0.04,Apr
12/20/24,Station 11,Ashanti,LPG,5717,0.9,0.7,5145.3,4001.9,1143.4,5717,285.85,0.06,Dec
9/9/24,Station 13,Eastern,Diesel,4291,1.2,1,5149.2,4291,858.2,4291,214.55,0.04,Sep
6/28/24,Station 10,Eastern,Petrol,1788,1.25,1.05,2235,1877.4,357.6,1788,89.4,0.04,Jun
7/25/24,Station 9,Greater Accra,Petrol,4371,1.25,1.05,5463.75,4589.55,874.2,4371,218.55,0.04,Jul
10/29/24,Station 3,Central,Petrol,2306,1.25,1.05,2882.5,2421.3,461.2,2306,115.3,0.04,Oct
5/6/24,Station 15,Eastern,Petrol,2004,1.25,1.05,2505,2104.2,400.8,2004,100.2,0.04,May
2/25/24,Station 7,Greater Accra,Diesel,3808,1.2,1,4569.6,3808,761.6,3808,190.4,0.04,Feb
8/1/24,Station 10,Eastern,Petrol,5612,1.25,1.05,7015,5892.6,1122.4,5612,280.6,0.04,Aug
1/14/24,Station 10,Central,Petrol,5548,1.25,1.05,6935,5825.4,1109.6,5548,277.4,0.04,Jan
1/28/24,Station 11,Western,Diesel,3451,1.2,1,4141.2,3451,690.2,3451,172.55,0.04,Jan
3/18/24,Station 5,Central,Petrol,571,1.25,1.05,713.75,599.55,114.2,571,28.55,0.04,Mar
8/3/24,Station 14,Ashanti,LPG,2190,0.9,0.7,1971,1533,438,2190,109.5,0.06,Aug
12/30/24,Station 7,Eastern,Petrol,5887,1.25,1.05,7358.75,6181.35,1177.4,5887,294.35,0.04,Dec
6/2/24,Station 15,Eastern,Petrol,1844,1.25,1.05,2305,1936.2,368.8,1844,92.2,0.04,Jun
1/14/24,Station 2,Ashanti,Petrol,3803,1.25,1.05,4753.75,3993.15,760.6,3803,190.15,0.04,Jan
7/5/24,Station 4,Ashanti,Petrol,3613,1.25,1.05,4516.25,3793.65,722.6,3613,180.65,0.04,Jul
11/7/24,Station 2,Western,Petrol,1382,1.25,1.05,1727.5,1451.1,276.4,1382,69.1,0.04,Nov
1/7/24,Station 14,Eastern,Diesel,4734,1.2,1,5680.8,4734,946.8,4734,236.7,0.04,Jan
1/3/24,Station 13,Eastern,LPG,3162,0.9,0.7,2845.8,2213.4,632.4,3162,158.1,0.06,Jan
4/20/24,Station 13,Western,Petrol,2004,1.25,1.05,2505,2104.2,400.8,2004,100.2,0.04,Apr
8/25/24,Station 12,Greater Accra,Diesel,2963,1.2,1,3555.6,2963,592.6,2963,148.15,0.04,Aug
12/28/24,Station 7,Western,Diesel,3053,1.2,1,3663.6,3053,610.6,3053,152.65,0.04,Dec
8/26/24,Station 2,Central,Diesel,1232,1.2,1,1478.4,1232,246.4,1232,61.6,0.04,Aug
9/30/24,Station 13,Eastern,Petrol,2248,1.25,1.05,2810,2360.4,449.6,2248,112.4,0.04,Sep
10/20/24,Station 14,Ashanti,Petrol,4424,1.25,1.05,5530,4645.2,884.8,4424,221.2,0.04,Oct
8/14/24,Station 11,Central,Petrol,923,1.25,1.05,1153.75,969.15,184.6,923,46.15,0.04,Aug
1/15/24,Station 1,Eastern,Diesel,3978,1.2,1,4773.6,3978,795.6,3978,198.9,0.04,Jan
7/10/24,Station 9,Western,Diesel,2091,1.2,1,2509.2,2091,418.2,2091,104.55,0.04,Jul
4/28/24,Station 1,Central,Petrol,4985,1.25,1.05,6231.25,5234.25,997,4985,249.25,0.04,Apr
1/28/24,Station 8,Eastern,Petrol,4937,1.25,1.05,6171.25,5183.85,987.4,4937,246.85,0.04,Jan
7/20/24,Station 15,Greater Accra,LPG,5541,0.9,0.7,4986.9,3878.7,1108.2,5541,277.05,0.06,Jul
2/8/24,Station 2,Greater Accra,Diesel,5209,1.2,1,6250.8,5209,1041.8,5209,260.45,0.04,Feb
9/29/24,Station 12,Ashanti,LPG,992,0.9,0.7,892.8,694.4,198.4,992,49.6,0.06,Sep
8/18/24,Station 8,Eastern,Diesel,691,1.2,1,829.2,691,138.2,691,34.55,0.04,Aug
3/26/24,Station 13,Greater Accra,Petrol,998,1.25,1.05,1247.5,1047.9,199.6,998,49.9,0.04,Mar
5/5/24,Station 3,Western,Diesel,5417,1.2,1,6500.4,5417,1083.4,5417,270.85,0.04,May
10/26/24,Station 6,Eastern,Diesel,1756,1.2,1,2107.2,1756,351.2,1756,87.8,0.04,Oct
1/25/24,Station 3,Western,Petrol,2468,1.25,1.05,3085,2591.4,493.6,2468,123.4,0.04,Jan
5/24/24,Station 14,Western,Diesel,4822,1.2,1,5786.4,4822,964.4,4822,241.1,0.04,May
1/13/24,Station 7,Greater Accra,Diesel,5990,1.2,1,7188,5990,1198,5990,299.5,0.04,Jan
7/30/24,Station 10,Eastern,Petrol,2686,1.25,1.05,3357.5,2820.3,537.2,2686,134.3,0.04,Jul
1/25/24,Station 9,Central,Diesel,1316,1.2,1,1579.2,1316,263.2,1316,65.8,0.04,Jan
3/8/24,Station 2,Greater Accra,Diesel,3720,1.2,1,4464,3720,744,3720,186,0.04,Mar
3/7/24,Station 15,Greater Accra,LPG,1973,0.9,0.7,1775.7,1381.1,394.6,1973,98.65,0.06,Mar
8/20/24,Station 12,Eastern,Petrol,1586,1.25,1.05,1982.5,1665.3,317.2,1586,79.3,0.04,Aug
4/18/24,Station 12,Eastern,Petrol,4699,1.25,1.05,5873.75,4933.95,939.8,4699,234.95,0.04,Apr
5/25/24,Station 15,Western,Diesel,2374,1.2,1,2848.8,2374,474.8,2374,118.7,0.04,May
4/20/24,Station 14,Eastern,Petrol,1370,1.25,1.05,1712.5,1438.5,274,1370,68.5,0.04,Apr
8/15/24,Station 5,Western,Diesel,5263,1.2,1,6315.6,5263,1052.6,5263,263.15,0.04,Aug
4/20/24,Station 13,Greater Accra,Diesel,2542,1.2,1,3050.4,2542,508.4,2542,127.1,0.04,Apr
2/3/24,Station 6,Ashanti,Petrol,772,1.25,1.05,965,810.6,154.4,772,38.6,0.04,Feb
4/20/24,Station 4,Central,Diesel,1529,1.2,1,1834.8,1529,305.8,1529,76.45,0.04,Apr
9/20/24,Station 4,Greater Accra,Diesel,3718,1.2,1,4461.6,3718,743.6,3718,185.9,0.04,Sep
8/23/24,Station 4,Eastern,Petrol,4569,1.25,1.05,5711.25,4797.45,913.8,4569,228.45,0.04,Aug
3/23/24,Station 2,Central,LPG,1551,0.9,0.7,1395.9,1085.7,310.2,1551,77.55,0.06,Mar
2/11/24,Station 4,Ashanti,Diesel,4533,1.2,1,5439.6,4533,906.6,4533,226.65,0.04,Feb
4/10/24,Station 11,Ashanti,Diesel,2073,1.2,1,2487.6,2073,414.6,2073,103.65,0.04,Apr
1/6/24,Station 1,Western,Diesel,3690,1.2,1,4428,3690,738,3690,184.5,0.04,Jan
6/28/24,Station 12,Central,Petrol,4888,1.25,1.05,6110,5132.4,977.6,4888,244.4,0.04,Jun
10/8/24,Station 6,Western,LPG,4297,0.9,0.7,3867.3,3007.9,859.4,4297,214.85,0.06,Oct
11/15/24,Station 1,Greater Accra,Diesel,3789,1.2,1,4546.8,3789,757.8,3789,189.45,0.04,Nov
8/13/24,Station 10,Central,Diesel,4247,1.2,1,5096.4,4247,849.4,4247,212.35,0.04,Aug
11/10/24,Station 6,Greater Accra,LPG,2605,0.9,0.7,2344.5,1823.5,521,2605,130.25,0.06,Nov
12/30/24,Station 1,Western,Petrol,5888,1.25,1.05,7360,6182.4,1177.6,5888,294.4,0.04,Dec
8/16/24,Station 6,Central,Diesel,807,1.2,1,968.4,807,161.4,807,40.35,0.04,Aug
10/15/24,Station 10,Western,Petrol,3859,1.25,1.05,4823.75,4051.95,771.8,3859,192.95,0.04,Oct
5/29/24,Station 8,Central,Petrol,5572,1.25,1.05,6965,5850.6,1114.4,5572,278.6,0.04,May
10/3/24,Station 11,Western,Petrol,3676,1.25,1.05,4595,3859.8,735.2,3676,183.8,0.04,Oct
7/16/24,Station 2,Ashanti,LPG,1751,0.9,0.7,1575.9,1225.7,350.2,1751,87.55,0.06,Jul
3/10/24,Station 2,Western,LPG,5866,0.9,0.7,5279.4,4106.2,1173.2,5866,293.3,0.06,Mar
4/21/24,Station 14,Ashanti,Diesel,3247,1.2,1,3896.4,3247,649.4,3247,162.35,0.04,Apr
1/4/24,Station 15,Western,Diesel,2017,1.2,1,2420.4,2017,403.4,2017,100.85,0.04,Jan
12/15/24,Station 13,Central,Diesel,5805,1.2,1,6966,5805,1161,5805,290.25,0.04,Dec
11/26/24,Station 12,Central,LPG,1878,0.9,0.7,1690.2,1314.6,375.6,1878,93.9,0.06,Nov
11/13/24,Station 4,Central,Petrol,5391,1.25,1.05,6738.75,5660.55,1078.2,5391,269.55,0.04,Nov
12/15/24,Station 11,Eastern,Petrol,5492,1.25,1.05,6865,5766.6,1098.4,5492,274.6,0.04,Dec
4/4/24,Station 3,Greater Accra,Petrol,2461,1.25,1.05,3076.25,2584.05,492.2,2461,123.05,0.04,Apr
5/31/24,Station 4,Central,Diesel,4805,1.2,1,5766,4805,961,4805,240.25,0.04,May
11/6/24,Station 13,Ashanti,Diesel,3363,1.2,1,4035.6,3363,672.6,3363,168.15,0.04,Nov
5/16/24,Station 12,Central,Petrol,3156,1.25,1.05,3945,3313.8,631.2,3156,157.8,0.04,May
9/3/24,Station 7,Eastern,Petrol,2994,1.25,1.05,3742.5,3143.7,598.8,2994,149.7,0.04,Sep
8/30/24,Station 13,Ashanti,Diesel,5563,1.2,1,6675.6,5563,1112.6,5563,278.15,0.04,Aug
1/31/24,Station 11,Eastern,Petrol,5067,1.25,1.05,6333.75,5320.35,1013.4,5067,253.35,0.04,Jan
2/9/24,Station 1,Ashanti,Diesel,4505,1.2,1,5406,4505,901,4505,225.25,0.04,Feb
8/16/24,Station 6,Western,LPG,4063,0.9,0.7,3656.7,2844.1,812.6,4063,203.15,0.06,Aug
2/5/24,Station 15,Greater Accra,Petrol,1422,1.25,1.05,1777.5,1493.1,284.4,1422,71.1,0.04,Feb
8/10/24,Station 15,Greater Accra,Petrol,4732,1.25,1.05,5915,4968.6,946.4,4732,236.6,0.04,Aug
1/6/24,Station 3,Eastern,Diesel,4962,1.2,1,5954.4,4962,992.4,4962,248.1,0.04,Jan
11/17/24,Station 11,Greater Accra,Diesel,3459,1.2,1,4150.8,3459,691.8,3459,172.95,0.04,Nov
8/7/24,Station 10,Eastern,Diesel,683,1.2,1,819.6,683,136.6,683,34.15,0.04,Aug
3/15/24,Station 7,Eastern,LPG,3858,0.9,0.7,3472.2,2700.6,771.6,3858,192.9,0.06,Mar
1/4/24,Station 10,Eastern,Petrol,1898,1.25,1.05,2372.5,1992.9,379.6,1898,94.9,0.04,Jan
11/30/24,Station 2,Greater Accra,Diesel,3296,1.2,1,3955.2,3296,659.2,3296,164.8,0.04,Nov
5/13/24,Station 14,Eastern,Diesel,1036,1.2,1,1243.2,1036,207.2,1036,51.8,0.04,May
4/27/24,Station 2,Greater Accra,LPG,1773,0.9,0.7,1595.7,1241.1,354.6,1773,88.65,0.06,Apr
4/3/24,Station 13,Eastern,Petrol,3467,1.25,1.05,4333.75,3640.35,693.4,3467,173.35,0.04,Apr
3/2/24,Station 4,Central,Diesel,3549,1.2,1,4258.8,3549,709.8,3549,177.45,0.04,Mar
7/12/24,Station 1,Eastern,Diesel,1596,1.2,1,1915.2,1596,319.2,1596,79.8,0.04,Jul
11/30/24,Station 3,Ashanti,Petrol,1805,1.25,1.05,2256.25,1895.25,361,1805,90.25,0.04,Nov
7/21/24,Station 13,Eastern,Petrol,1415,1.25,1.05,1768.75,1485.75,283,1415,70.75,0.04,Jul
1/26/24,Station 9,Western,LPG,3581,0.9,0.7,3222.9,2506.7,716.2,3581,179.05,0.06,Jan
6/21/24,Station 7,Eastern,Petrol,4747,1.25,1.05,5933.75,4984.35,949.4,4747,237.35,0.04,Jun
10/26/24,Station 15,Ashanti,Petrol,1528,1.25,1.05,1910,1604.4,305.6,1528,76.4,0.04,Oct
5/12/24,Station 7,Ashanti,Petrol,5814,1.25,1.05,7267.5,6104.7,1162.8,5814,290.7,0.04,May
11/21/24,Station 13,Greater Accra,LPG,2477,0.9,0.7,2229.3,1733.9,495.4,2477,123.85,0.06,Nov
4/27/24,Station 13,Central,Diesel,3854,1.2,1,4624.8,3854,770.8,3854,192.7,0.04,Apr
11/19/24,Station 11,Eastern,Diesel,3011,1.2,1,3613.2,3011,602.2,3011,150.55,0.04,Nov
10/1/24,Station 4,Greater Accra,Petrol,770,1.25,1.05,962.5,808.5,154,770,38.5,0.04,Oct
7/30/24,Station 2,Central,Diesel,1686,1.2,1,2023.2,1686,337.2,1686,84.3,0.04,Jul
8/12/24,Station 15,Eastern,Diesel,5055,1.2,1,6066,5055,1011,5055,252.75,0.04,Aug
1/20/24,Station 14,Western,Diesel,4700,1.2,1,5640,4700,940,4700,235,0.04,Jan
4/22/24,Station 4,Eastern,LPG,4264,0.9,0.7,3837.6,2984.8,852.8,4264,213.2,0.06,Apr
5/19/24,Station 6,Ashanti,Petrol,2898,1.25,1.05,3622.5,3042.9,579.6,2898,144.9,0.04,May
2/16/24,Station 11,Ashanti,Diesel,5029,1.2,1,6034.8,5029,1005.8,5029,251.45,0.04,Feb
1/1/24,Station 11,Western,Petrol,4735,1.25,1.05,5918.75,4971.75,947,4735,236.75,0.04,Jan
3/30/24,Station 3,Greater Accra,Diesel,4682,1.2,1,5618.4,4682,936.4,4682,234.1,0.04,Mar
5/21/24,Station 1,Central,Petrol,2211,1.25,1.05,2763.75,2321.55,442.2,2211,110.55,0.04,May
11/15/24,Station 14,Eastern,Petrol,2730,1.25,1.05,3412.5,2866.5,546,2730,136.5,0.04,Nov
2/7/24,Station 12,Ashanti,Petrol,628,1.25,1.05,785,659.4,125.6,628,31.4,0.04,Feb
10/19/24,Station 8,Greater Accra,Diesel,1769,1.2,1,2122.8,1769,353.8,1769,88.45,0.04,Oct
5/18/24,Station 12,Western,Petrol,4172,1.25,1.05,5215,4380.6,834.4,4172,208.6,0.04,May
,,,,,,,,,,,,,
,,,," 3,291,768 ",,," $3,875,218.60 "," 3,216,865.00 "," $658,353.60 ",,,,
,,,,,,,,,,,,,
,,,,,,,,,,,,,
,,,,,,,,16.99%,,,,,