Date,Station,Region,Fuel_Type,Liters_Sold,Price_per_Liter,Cost_per_Liter,Revenue,Cost,Profit
2024-04-12,Station 15,Central,Petrol,3116,1.25,1.05,3895.0,3271.8,623.1999999999998
2024-12-14,Station 4,Central,LPG,1387,0.9,0.7,1248.3,970.9,277.4
2024-09-27,Station 13,Central,Petrol,3604,1.25,1.05,4505.0,3784.2000000000003,720.7999999999997
2024-04-16,Station 11,Western,Diesel,5937,1.2,1.0,7124.4,5937.0,1187.3999999999996
2024-03-12,Station 3,Eastern,LPG,549,0.9,0.7,494.1,384.29999999999995,109.80000000000007
2024-07-07,Station 1,Western,Diesel,4451,1.2,1.0,5341.2,4451.0,890.1999999999998
2024-01-21,Station 6,Greater Accra,LPG,4060,0.9,0.7,3654.0,2842.0,812.0
2024-04-12,Station 2,Central,Petrol,518,1.25,1.05,647.5,543.9,103.60000000000002
2024-05-01,Station 8,Western,Petrol,5321,1.25,1.05,6651.25,5587.05,1064.1999999999998
2024-08-02,Station 10,Western,Petrol,1973,1.25,1.05,2466.25,2071.65,394.5999999999999
2024-11-26,Station 5,Greater Accra,Diesel,4561,1.2,1.0,5473.2,4561.0,912.1999999999998
2024-03-28,Station 7,Ashanti,LPG,3106,0.9,0.7,2795.4,2174.2,621.2000000000003
2024-04-09,Station 10,Eastern,Petrol,951,1.25,1.05,1188.75,998.5500000000001,190.19999999999993
2024-12-25,Station 12,Ashanti,Diesel,5760,1.2,1.0,6912.0,5760.0,1152.0
2024-05-31,Station 2,Central,Petrol,5703,1.25,1.05,7128.75,5988.150000000001,1140.5999999999995
2024-05-10,Station 13,Western,Diesel,4265,1.2,1.0,5118.0,4265.0,853.0
2024-05-29,Station 8,Greater Accra,Petrol,2938,1.25,1.05,3672.5,3084.9,587.5999999999999
2024-11-04,Station 2,Greater Accra,LPG,4810,0.9,0.7,4329.0,3367.0,962.0
2024-09-14,Station 4,Eastern,Diesel,2049,1.2,1.0,2458.7999999999997,2049.0,409.7999999999997
2024-12-09,Station 1,Ashanti,Petrol,3974,1.25,1.05,4967.5,4172.7,794.8000000000002
2024-10-20,Station 15,Eastern,Petrol,627,1.25,1.05,783.75,658.35,125.39999999999998
2024-07-10,Station 5,Western,Petrol,5355,1.25,1.05,6693.75,5622.75,1071.0
2024-10-03,Station 9,Eastern,Petrol,3261,1.25,1.05,4076.25,3424.05,652.1999999999998
2024-06-09,Station 1,Greater Accra,Petrol,4956,1.25,1.05,6195.0,5203.8,991.1999999999998
2024-11-09,Station 9,Greater Accra,LPG,5164,0.9,0.7,4647.6,3614.7999999999997,1032.8000000000006
2024-01-22,Station 11,Central,Diesel,1915,1.2,1.0,2298.0,1915.0,383.0
2024-09-09,Station 15,Central,Diesel,701,1.2,1.0,841.1999999999999,701.0,140.19999999999993
2024-08-23,Station 8,Western,Petrol,2869,1.25,1.05,3586.25,3012.4500000000003,573.7999999999997
2024-12-10,Station 6,Ashanti,LPG,1017,0.9,0.7,915.3000000000001,711.9,203.4000000000001
2024-02-18,Station 7,Eastern,Diesel,5944,1.2,1.0,7132.8,5944.0,1188.8000000000002
2024-02-28,Station 3,Western,Petrol,1841,1.25,1.05,2301.25,1933.0500000000002,368.1999999999998
2024-06-18,Station 14,Central,Diesel,5276,1.2,1.0,6331.2,5276.0,1055.1999999999998
2024-07-06,Station 15,Eastern,Diesel,2488,1.2,1.0,2985.6,2488.0,497.5999999999999
2024-09-27,Station 1,Central,Petrol,4045,1.25,1.05,5056.25,4247.25,809.0
2024-07-08,Station 5,Eastern,Petrol,5020,1.25,1.05,6275.0,5271.0,1004.0
2024-06-23,Station 14,Ashanti,Petrol,4302,1.25,1.05,5377.5,4517.1,860.3999999999996
2024-02-20,Station 12,Western,Petrol,3775,1.25,1.05,4718.75,3963.75,755.0
2024-12-29,Station 12,Eastern,LPG,4154,0.9,0.7,3738.6,2907.7999999999997,830.8000000000002
2024-02-24,Station 2,Greater Accra,Diesel,2934,1.2,1.0,3520.7999999999997,2934.0,586.7999999999997
2024-08-31,Station 14,Greater Accra,Diesel,5373,1.2,1.0,6447.599999999999,5373.0,1074.5999999999995
2024-11-15,Station 5,Eastern,Petrol,707,1.25,1.05,883.75,742.35,141.39999999999998
2024-05-10,Station 8,Eastern,Petrol,3133,1.25,1.05,3916.25,3289.65,626.5999999999999
2024-11-02,Station 11,Eastern,Diesel,4617,1.2,1.0,5540.4,4617.0,923.3999999999996
2024-05-14,Station 9,Greater Accra,Diesel,653,1.2,1.0,783.6,653.0,130.60000000000002
2024-01-21,Station 2,Greater Accra,Petrol,3866,1.25,1.05,4832.5,4059.3,773.1999999999998
2024-11-24,Station 12,Eastern,Diesel,4814,1.2,1.0,5776.8,4814.0,962.8000000000002
2024-06-15,Station 3,Central,Diesel,5264,1.2,1.0,6316.8,5264.0,1052.8000000000002
2024-09-30,Station 3,Central,Petrol,2018,1.25,1.05,2522.5,2118.9,403.5999999999999
2024-03-29,Station 1,Ashanti,Petrol,3100,1.25,1.05,3875.0,3255.0,620.0
2024-11-11,Station 8,Western,Diesel,5545,1.2,1.0,6654.0,5545.0,1109.0
2024-01-14,Station 6,Central,Petrol,2695,1.25,1.05,3368.75,2829.75,539.0
2024-08-29,Station 12,Greater Accra,Petrol,4998,1.25,1.05,6247.5,5247.900000000001,999.5999999999995
2024-09-21,Station 13,Central,Petrol,5191,1.25,1.05,6488.75,5450.55,1038.1999999999998
2024-12-11,Station 8,Ashanti,Petrol,4054,1.25,1.05,5067.5,4256.7,810.8000000000002
2024-02-22,Station 11,Ashanti,Diesel,2914,1.2,1.0,3496.7999999999997,2914.0,582.7999999999997
2024-12-05,Station 9,Western,Diesel,3349,1.2,1.0,4018.7999999999997,3349.0,669.7999999999997
2024-04-01,Station 5,Central,Petrol,5753,1.25,1.05,7191.25,6040.650000000001,1150.5999999999995
2024-09-20,Station 14,Greater Accra,LPG,2242,0.9,0.7,2017.8,1569.3999999999999,448.4000000000001
2024-02-04,Station 12,Greater Accra,LPG,1806,0.9,0.7,1625.4,1264.1999999999998,361.2000000000003
2024-07-24,Station 14,Eastern,LPG,4349,0.9,0.7,3914.1,3044.2999999999997,869.8000000000002
2024-03-21,Station 3,Greater Accra,Petrol,4668,1.25,1.05,5835.0,4901.400000000001,933.5999999999995
2024-02-19,Station 5,Western,Petrol,5076,1.25,1.05,6345.0,5329.8,1015.1999999999998
2024-12-25,Station 5,Western,LPG,5155,0.9,0.7,4639.5,3608.4999999999995,1031.0000000000005
2024-01-02,Station 5,Greater Accra,Diesel,5340,1.2,1.0,6408.0,5340.0,1068.0
2024-02-23,Station 3,Greater Accra,Petrol,4695,1.25,1.05,5868.75,4929.75,939.0
2024-04-15,Station 11,Eastern,Petrol,5678,1.25,1.05,7097.5,5961.900000000001,1135.5999999999995
2024-09-16,Station 14,Greater Accra,Petrol,3055,1.25,1.05,3818.75,3207.75,611.0
2024-11-05,Station 10,Eastern,LPG,2805,0.9,0.7,2524.5,1963.4999999999998,561.0000000000002
2024-07-09,Station 14,Eastern,Diesel,5008,1.2,1.0,6009.599999999999,5008.0,1001.5999999999995
2024-08-05,Station 4,Greater Accra,Petrol,1588,1.25,1.05,1985.0,1667.4,317.5999999999999
2024-02-13,Station 9,Ashanti,Petrol,3142,1.25,1.05,3927.5,3299.1000000000004,628.3999999999996
2024-06-10,Station 13,Ashanti,Diesel,1677,1.2,1.0,2012.3999999999999,1677.0,335.39999999999986
2024-07-20,Station 10,Eastern,Diesel,5416,1.2,1.0,6499.2,5416.0,1083.1999999999998
2024-09-26,Station 9,Greater Accra,Petrol,5257,1.25,1.05,6571.25,5519.85,1051.3999999999996
2024-12-16,Station 2,Ashanti,Diesel,3494,1.2,1.0,4192.8,3494.0,698.8000000000002
2024-10-30,Station 8,Greater Accra,LPG,1059,0.9,0.7,953.1,741.3,211.80000000000007
2024-09-27,Station 8,Greater Accra,Petrol,3464,1.25,1.05,4330.0,3637.2000000000003,692.7999999999997
2024-08-02,Station 7,Greater Accra,Diesel,1771,1.2,1.0,2125.2,1771.0,354.1999999999998
2024-09-08,Station 8,Central,Petrol,2313,1.25,1.05,2891.25,2428.65,462.5999999999999
2024-07-08,Station 14,Greater Accra,Diesel,3415,1.2,1.0,4098.0,3415.0,683.0
2024-10-22,Station 3,Central,Diesel,1109,1.2,1.0,1330.8,1109.0,221.79999999999995
2024-07-31,Station 13,Eastern,Diesel,2961,1.2,1.0,3553.2,2961.0,592.1999999999998
2024-07-26,Station 6,Ashanti,Diesel,4620,1.2,1.0,5544.0,4620.0,924.0
2024-08-24,Station 1,Ashanti,Petrol,783,1.25,1.05,978.75,822.1500000000001,156.5999999999999
2024-12-03,Station 7,Ashanti,LPG,3428,0.9,0.7,3085.2000000000003,2399.6,685.6000000000004
2024-02-22,Station 15,Ashanti,Diesel,4896,1.2,1.0,5875.2,4896.0,979.1999999999998
2024-10-06,Station 15,Ashanti,Petrol,1591,1.25,1.05,1988.75,1670.5500000000002,318.1999999999998
2024-08-04,Station 1,Ashanti,Diesel,5626,1.2,1.0,6751.2,5626.0,1125.1999999999998
2024-09-08,Station 9,Ashanti,Diesel,1316,1.2,1.0,1579.2,1316.0,263.20000000000005
2024-07-06,Station 1,Eastern,Petrol,582,1.25,1.05,727.5,611.1,116.39999999999998
2024-02-10,Station 1,Greater Accra,LPG,2420,0.9,0.7,2178.0,1694.0,484.0
2024-06-05,Station 15,Western,LPG,3991,0.9,0.7,3591.9,2793.7,798.2000000000003
2024-01-15,Station 7,Central,Petrol,3644,1.25,1.05,4555.0,3826.2000000000003,728.7999999999997
2024-10-27,Station 2,Western,LPG,2593,0.9,0.7,2333.7000000000003,1815.1,518.6000000000004
2024-03-05,Station 14,Western,Petrol,5213,1.25,1.05,6516.25,5473.650000000001,1042.5999999999995
2024-12-10,Station 5,Greater Accra,Petrol,675,1.25,1.05,843.75,708.75,135.0
2024-11-22,Station 8,Greater Accra,Petrol,5785,1.25,1.05,7231.25,6074.25,1157.0
2024-01-09,Station 8,Greater Accra,LPG,3204,0.9,0.7,2883.6,2242.7999999999997,640.8000000000002
2024-12-09,Station 3,Ashanti,Diesel,5437,1.2,1.0,6524.4,5437.0,1087.3999999999996
2024-05-08,Station 7,Eastern,Petrol,869,1.25,1.05,1086.25,912.45,173.79999999999995
2024-05-15,Station 3,Ashanti,Petrol,2318,1.25,1.05,2897.5,2433.9,463.5999999999999
2024-03-03,Station 6,Eastern,Diesel,2601,1.2,1.0,3121.2,2601.0,520.1999999999998
2024-05-18,Station 6,Eastern,Petrol,5285,1.25,1.05,6606.25,5549.25,1057.0
2024-03-21,Station 3,Western,LPG,3990,0.9,0.7,3591.0,2793.0,798.0
2024-06-11,Station 7,Western,Diesel,2279,1.2,1.0,2734.7999999999997,2279.0,455.7999999999997
2024-10-15,Station 3,Eastern,Diesel,1864,1.2,1.0,2236.7999999999997,1864.0,372.7999999999997
2024-09-17,Station 8,Eastern,LPG,4962,0.9,0.7,4465.8,3473.3999999999996,992.4000000000005
2024-08-18,Station 10,Ashanti,Petrol,3842,1.25,1.05,4802.5,4034.1000000000004,768.3999999999996
2024-02-10,Station 4,Ashanti,LPG,5239,0.9,0.7,4715.1,3667.2999999999997,1047.8000000000006
2024-01-28,Station 15,Western,Diesel,4176,1.2,1.0,5011.2,4176.0,835.1999999999998
2024-05-14,Station 15,Greater Accra,Diesel,2926,1.2,1.0,3511.2,2926.0,585.1999999999998
2024-07-19,Station 13,Eastern,Petrol,572,1.25,1.05,715.0,600.6,114.39999999999998
2024-11-23,Station 1,Ashanti,LPG,3462,0.9,0.7,3115.8,2423.3999999999996,692.4000000000005
2024-09-24,Station 4,Western,Petrol,5867,1.25,1.05,7333.75,6160.35,1173.3999999999996
2024-02-02,Station 14,Ashanti,Petrol,1359,1.25,1.05,1698.75,1426.95,271.79999999999995
2024-02-17,Station 7,Eastern,Petrol,4356,1.25,1.05,5445.0,4573.8,871.1999999999998
2024-03-02,Station 11,Eastern,Diesel,4638,1.2,1.0,5565.599999999999,4638.0,927.5999999999995
2024-08-03,Station 4,Central,Diesel,2924,1.2,1.0,3508.7999999999997,2924.0,584.7999999999997
2024-10-19,Station 13,Greater Accra,Diesel,1564,1.2,1.0,1876.8,1564.0,312.79999999999995
2024-04-08,Station 6,Central,LPG,2717,0.9,0.7,2445.3,1901.8999999999999,543.4000000000003
2024-06-20,Station 9,Western,Petrol,4517,1.25,1.05,5646.25,4742.85,903.3999999999996
2024-12-25,Station 1,Ashanti,Diesel,2759,1.2,1.0,3310.7999999999997,2759.0,551.7999999999997
2024-08-01,Station 13,Western,Petrol,4251,1.25,1.05,5313.75,4463.55,850.1999999999998
2024-02-04,Station 5,Eastern,LPG,2586,0.9,0.7,2327.4,1810.1999999999998,517.2000000000003
2024-08-14,Station 11,Central,Diesel,868,1.2,1.0,1041.6,868.0,173.5999999999999
2024-04-10,Station 7,Central,Diesel,3304,1.2,1.0,3964.7999999999997,3304.0,660.7999999999997
2024-05-10,Station 1,Central,Diesel,650,1.2,1.0,780.0,650.0,130.0
2024-09-13,Station 14,Western,Petrol,1634,1.25,1.05,2042.5,1715.7,326.79999999999995
2024-01-05,Station 4,Eastern,Petrol,5666,1.25,1.05,7082.5,5949.3,1133.1999999999998
2024-08-05,Station 6,Ashanti,Diesel,5619,1.2,1.0,6742.8,5619.0,1123.8000000000002
2024-09-11,Station 2,Ashanti,Petrol,3284,1.25,1.05,4105.0,3448.2000000000003,656.7999999999997
2024-12-24,Station 10,Western,Petrol,5985,1.25,1.05,7481.25,6284.25,1197.0
2024-10-09,Station 5,Central,Petrol,4664,1.25,1.05,5830.0,4897.2,932.8000000000002
2024-07-25,Station 11,Greater Accra,Diesel,2846,1.2,1.0,3415.2,2846.0,569.1999999999998
2024-01-15,Station 10,Western,Petrol,5539,1.25,1.05,6923.75,5815.95,1107.8000000000002
2024-12-11,Station 1,Western,Petrol,5397,1.25,1.05,6746.25,5666.85,1079.3999999999996
2024-02-11,Station 6,Eastern,Diesel,2750,1.2,1.0,3300.0,2750.0,550.0
2024-06-27,Station 6,Ashanti,Diesel,560,1.2,1.0,672.0,560.0,112.0
2024-03-03,Station 13,Western,Petrol,5541,1.25,1.05,6926.25,5818.05,1108.1999999999998
2024-12-17,Station 15,Western,Petrol,3510,1.25,1.05,4387.5,3685.5,702.0
2024-08-18,Station 15,Central,Petrol,4401,1.25,1.05,5501.25,4621.05,880.1999999999998
2024-08-28,Station 4,Central,Petrol,1837,1.25,1.05,2296.25,1928.8500000000001,367.39999999999986
2024-02-21,Station 13,Greater Accra,Petrol,1684,1.25,1.05,2105.0,1768.2,336.79999999999995
2024-04-05,Station 8,Eastern,Diesel,4926,1.2,1.0,5911.2,4926.0,985.1999999999998
2024-08-09,Station 4,Greater Accra,Diesel,2051,1.2,1.0,2461.2,2051.0,410.1999999999998
2024-08-18,Station 8,Central,Diesel,4933,1.2,1.0,5919.599999999999,4933.0,986.5999999999995
2024-08-24,Station 15,Ashanti,Petrol,2129,1.25,1.05,2661.25,2235.4500000000003,425.7999999999997
2024-05-22,Station 13,Central,Diesel,1827,1.2,1.0,2192.4,1827.0,365.4000000000001
2024-06-19,Station 8,Eastern,Petrol,2026,1.25,1.05,2532.5,2127.3,405.1999999999998
2024-01-29,Station 5,Central,LPG,2173,0.9,0.7,1955.7,1521.1,434.60000000000014
2024-02-05,Station 13,Eastern,Diesel,1861,1.2,1.0,2233.2,1861.0,372.1999999999998
2024-01-13,Station 15,Eastern,Petrol,2073,1.25,1.05,2591.25,2176.65,414.5999999999999
2024-06-08,Station 4,Eastern,Diesel,3186,1.2,1.0,3823.2,3186.0,637.1999999999998
2024-11-22,Station 12,Eastern,Petrol,4870,1.25,1.05,6087.5,5113.5,974.0
2024-07-05,Station 13,Eastern,Diesel,5783,1.2,1.0,6939.599999999999,5783.0,1156.5999999999995
2024-08-30,Station 2,Ashanti,Petrol,2866,1.25,1.05,3582.5,3009.3,573.1999999999998
2024-03-26,Station 11,Greater Accra,Petrol,4257,1.25,1.05,5321.25,4469.85,851.3999999999996
2024-10-10,Station 15,Western,LPG,2934,0.9,0.7,2640.6,2053.7999999999997,586.8000000000002
2024-03-06,Station 3,Greater Accra,Petrol,2493,1.25,1.05,3116.25,2617.65,498.5999999999999
2024-06-18,Station 3,Eastern,Diesel,1369,1.2,1.0,1642.8,1369.0,273.79999999999995
2024-02-14,Station 4,Ashanti,Petrol,1514,1.25,1.05,1892.5,1589.7,302.79999999999995
2024-03-02,Station 4,Central,Diesel,2411,1.2,1.0,2893.2,2411.0,482.1999999999998
2024-05-13,Station 10,Ashanti,Diesel,1102,1.2,1.0,1322.3999999999999,1102.0,220.39999999999986
2024-10-10,Station 11,Eastern,Diesel,4321,1.2,1.0,5185.2,4321.0,864.1999999999998
2024-01-28,Station 11,Ashanti,Petrol,1190,1.25,1.05,1487.5,1249.5,238.0
2024-04-17,Station 5,Ashanti,Petrol,993,1.25,1.05,1241.25,1042.65,198.5999999999999
2024-02-13,Station 4,Eastern,Petrol,989,1.25,1.05,1236.25,1038.45,197.79999999999995
2024-12-05,Station 11,Ashanti,Petrol,3056,1.25,1.05,3820.0,3208.8,611.1999999999998
2024-10-12,Station 14,Western,Diesel,4985,1.2,1.0,5982.0,4985.0,997.0
2024-11-26,Station 10,Western,LPG,794,0.9,0.7,714.6,555.8,158.80000000000007
2024-05-07,Station 8,Ashanti,LPG,5988,0.9,0.7,5389.2,4191.599999999999,1197.6000000000004
2024-12-13,Station 6,Central,Diesel,4527,1.2,1.0,5432.4,4527.0,905.3999999999996
2024-08-18,Station 6,Eastern,Diesel,3343,1.2,1.0,4011.6,3343.0,668.5999999999999
2024-07-08,Station 8,Western,Diesel,3412,1.2,1.0,4094.3999999999996,3412.0,682.3999999999996
2024-08-12,Station 7,Central,Petrol,2217,1.25,1.05,2771.25,2327.85,443.4000000000001
2024-10-09,Station 15,Ashanti,LPG,3096,0.9,0.7,2786.4,2167.2,619.2000000000003
2024-04-30,Station 10,Central,Diesel,5244,1.2,1.0,6292.8,5244.0,1048.8000000000002
2024-04-25,Station 14,Greater Accra,Diesel,2373,1.2,1.0,2847.6,2373.0,474.5999999999999
2024-08-20,Station 11,Western,Petrol,5163,1.25,1.05,6453.75,5421.150000000001,1032.5999999999995
2024-09-15,Station 12,Ashanti,Petrol,3758,1.25,1.05,4697.5,3945.9,751.5999999999999
2024-12-24,Station 10,Eastern,Petrol,3317,1.25,1.05,4146.25,3482.8500000000004,663.3999999999996
2024-07-16,Station 13,Ashanti,LPG,944,0.9,0.7,849.6,660.8,188.80000000000007
2024-05-16,Station 8,Eastern,Diesel,4141,1.2,1.0,4969.2,4141.0,828.1999999999998
2024-11-13,Station 14,Ashanti,Petrol,4958,1.25,1.05,6197.5,5205.900000000001,991.5999999999995
2024-06-13,Station 2,Central,LPG,5807,0.9,0.7,5226.3,4064.8999999999996,1161.4000000000005
2024-08-12,Station 9,Central,Petrol,1241,1.25,1.05,1551.25,1303.05,248.20000000000005
2024-11-02,Station 1,Central,Petrol,2541,1.25,1.05,3176.25,2668.05,508.1999999999998
2024-08-21,Station 15,Greater Accra,Petrol,1179,1.25,1.05,1473.75,1237.95,235.79999999999995
2024-06-20,Station 8,Eastern,Diesel,2967,1.2,1.0,3560.4,2967.0,593.4000000000001
2024-05-31,Station 12,Central,LPG,4197,0.9,0.7,3777.3,2937.8999999999996,839.4000000000005
2024-11-10,Station 11,Greater Accra,Petrol,1858,1.25,1.05,2322.5,1950.9,371.5999999999999
2024-06-08,Station 12,Eastern,LPG,562,0.9,0.7,505.8,393.4,112.40000000000003
2024-04-05,Station 12,Ashanti,Petrol,3059,1.25,1.05,3823.75,3211.9500000000003,611.7999999999997
2024-08-20,Station 4,Greater Accra,LPG,5758,0.9,0.7,5182.2,4030.6,1151.6
2024-06-28,Station 4,Western,Diesel,4269,1.2,1.0,5122.8,4269.0,853.8000000000002
2024-04-22,Station 5,Greater Accra,Diesel,5824,1.2,1.0,6988.8,5824.0,1164.8000000000002
2024-11-13,Station 8,Greater Accra,Petrol,4851,1.25,1.05,6063.75,5093.55,970.1999999999998
2024-02-21,Station 5,Eastern,LPG,634,0.9,0.7,570.6,443.79999999999995,126.80000000000007
2024-09-24,Station 8,Ashanti,Diesel,4144,1.2,1.0,4972.8,4144.0,828.8000000000002
2024-10-21,Station 15,Western,Petrol,5470,1.25,1.05,6837.5,5743.5,1094.0
2024-04-22,Station 10,Central,Diesel,5417,1.2,1.0,6500.4,5417.0,1083.3999999999996
2024-04-10,Station 1,Central,Petrol,2635,1.25,1.05,3293.75,2766.75,527.0
2024-04-22,Station 12,Greater Accra,LPG,3778,0.9,0.7,3400.2000000000003,2644.6,755.6000000000004
2024-03-21,Station 15,Eastern,Petrol,1322,1.25,1.05,1652.5,1388.1000000000001,264.39999999999986
2024-07-05,Station 10,Eastern,Diesel,3574,1.2,1.0,4288.8,3574.0,714.8000000000002
2024-04-22,Station 9,Central,Diesel,5569,1.2,1.0,6682.8,5569.0,1113.8000000000002
2024-01-02,Station 6,Western,Petrol,3481,1.25,1.05,4351.25,3655.05,696.1999999999998
2024-05-09,Station 3,Ashanti,Petrol,620,1.25,1.05,775.0,651.0,124.0
2024-08-07,Station 13,Western,Petrol,2137,1.25,1.05,2671.25,2243.85,427.4000000000001
2024-02-23,Station 14,Ashanti,Petrol,5960,1.25,1.05,7450.0,6258.0,1192.0
2024-12-08,Station 8,Central,Petrol,5603,1.25,1.05,7003.75,5883.150000000001,1120.5999999999995
2024-08-11,Station 9,Ashanti,Diesel,1424,1.2,1.0,1708.8,1424.0,284.79999999999995
2024-08-12,Station 6,Eastern,Petrol,1144,1.25,1.05,1430.0,1201.2,228.79999999999995
2024-05-05,Station 11,Greater Accra,Petrol,2532,1.25,1.05,3165.0,2658.6,506.4000000000001
2024-05-09,Station 7,Greater Accra,Diesel,3261,1.2,1.0,3913.2,3261.0,652.1999999999998
2024-02-22,Station 1,Central,Petrol,2568,1.25,1.05,3210.0,2696.4,513.5999999999999
2024-06-20,Station 14,Eastern,LPG,741,0.9,0.7,666.9,518.6999999999999,148.20000000000005
2024-08-05,Station 5,Western,LPG,3168,0.9,0.7,2851.2000000000003,2217.6,633.6000000000004
2024-06-08,Station 5,Eastern,Diesel,1302,1.2,1.0,1562.3999999999999,1302.0,260.39999999999986
2024-07-16,Station 10,Greater Accra,Diesel,5559,1.2,1.0,6670.8,5559.0,1111.8000000000002
2024-09-03,Station 14,Greater Accra,LPG,4664,0.9,0.7,4197.6,3264.7999999999997,932.8000000000006
2024-11-19,Station 4,Eastern,Petrol,5748,1.25,1.05,7185.0,6035.400000000001,1149.5999999999995
2024-07-21,Station 6,Eastern,Petrol,695,1.25,1.05,868.75,729.75,139.0
2024-07-02,Station 7,Greater Accra,Petrol,2687,1.25,1.05,3358.75,2821.35,537.4000000000001
2024-05-02,Station 9,Western,Diesel,4015,1.2,1.0,4818.0,4015.0,803.0
2024-09-11,Station 1,Central,Petrol,2830,1.25,1.05,3537.5,2971.5,566.0
2024-10-20,Station 15,Central,Diesel,2859,1.2,1.0,3430.7999999999997,2859.0,571.7999999999997
2024-10-06,Station 6,Eastern,LPG,5341,0.9,0.7,4806.900000000001,3738.7,1068.2000000000007
2024-11-20,Station 7,Central,LPG,4106,0.9,0.7,3695.4,2874.2,821.2000000000003
2024-04-07,Station 3,Greater Accra,Diesel,776,1.2,1.0,931.1999999999999,776.0,155.19999999999993
2024-07-16,Station 8,Greater Accra,Petrol,560,1.25,1.05,700.0,588.0,112.0
2024-08-27,Station 15,Eastern,Diesel,3890,1.2,1.0,4668.0,3890.0,778.0
2024-05-23,Station 5,Eastern,Diesel,2413,1.2,1.0,2895.6,2413.0,482.5999999999999
2024-04-06,Station 15,Eastern,Petrol,4427,1.25,1.05,5533.75,4648.35,885.3999999999996
2024-07-19,Station 9,Western,Petrol,5930,1.25,1.05,7412.5,6226.5,1186.0
2024-05-03,Station 5,Central,LPG,3091,0.9,0.7,2781.9,2163.7,618.2000000000003
2024-07-05,Station 9,Eastern,Diesel,1066,1.2,1.0,1279.2,1066.0,213.20000000000005
2024-11-21,Station 10,Ashanti,Diesel,4435,1.2,1.0,5322.0,4435.0,887.0
2024-12-14,Station 4,Ashanti,LPG,2071,0.9,0.7,1863.9,1449.6999999999998,414.2000000000003
2024-09-15,Station 9,Greater Accra,Diesel,5217,1.2,1.0,6260.4,5217.0,1043.3999999999996
2024-05-27,Station 5,Central,Diesel,1700,1.2,1.0,2040.0,1700.0,340.0
2024-09-08,Station 10,Eastern,Petrol,4909,1.25,1.05,6136.25,5154.45,981.8000000000002
2024-12-11,Station 9,Ashanti,Petrol,3354,1.25,1.05,4192.5,3521.7000000000003,670.7999999999997
2024-05-26,Station 3,Central,Petrol,3395,1.25,1.05,4243.75,3564.75,679.0
2024-05-27,Station 15,Greater Accra,Diesel,1736,1.2,1.0,2083.2,1736.0,347.1999999999998
2024-12-17,Station 4,Western,Diesel,636,1.2,1.0,763.1999999999999,636.0,127.19999999999993
2024-07-17,Station 9,Central,LPG,1529,0.9,0.7,1376.1000000000001,1070.3,305.8000000000002
2024-11-03,Station 10,Central,Petrol,2656,1.25,1.05,3320.0,2788.8,531.1999999999998
2024-05-07,Station 11,Western,Diesel,3094,1.2,1.0,3712.7999999999997,3094.0,618.7999999999997
2024-02-08,Station 6,Central,Diesel,1161,1.2,1.0,1393.2,1161.0,232.20000000000005
2024-12-03,Station 2,Greater Accra,Diesel,2972,1.2,1.0,3566.4,2972.0,594.4000000000001
2024-12-25,Station 7,Greater Accra,Diesel,3177,1.2,1.0,3812.3999999999996,3177.0,635.3999999999996
2024-05-08,Station 2,Western,Petrol,2808,1.25,1.05,3510.0,2948.4,561.5999999999999
2024-09-23,Station 11,Eastern,Diesel,586,1.2,1.0,703.1999999999999,586.0,117.19999999999993
2024-05-30,Station 2,Ashanti,Petrol,3012,1.25,1.05,3765.0,3162.6,602.4000000000001
2024-10-24,Station 11,Eastern,Petrol,3442,1.25,1.05,4302.5,3614.1000000000004,688.3999999999996
2024-04-08,Station 1,Central,Petrol,3273,1.25,1.05,4091.25,3436.65,654.5999999999999
2024-09-19,Station 11,Ashanti,Diesel,3004,1.2,1.0,3604.7999999999997,3004.0,600.7999999999997
2024-09-08,Station 11,Western,LPG,5904,0.9,0.7,5313.6,4132.8,1180.8000000000002
2024-05-23,Station 12,Western,Diesel,3810,1.2,1.0,4572.0,3810.0,762.0
2024-12-11,Station 11,Ashanti,Diesel,2200,1.2,1.0,2640.0,2200.0,440.0
2024-04-21,Station 3,Greater Accra,Diesel,4170,1.2,1.0,5004.0,4170.0,834.0
2024-02-29,Station 6,Ashanti,Diesel,3200,1.2,1.0,3840.0,3200.0,640.0
2024-01-02,Station 8,Central,Petrol,4129,1.25,1.05,5161.25,4335.45,825.8000000000002
2024-10-30,Station 9,Greater Accra,Petrol,5090,1.25,1.05,6362.5,5344.5,1018.0
2024-09-10,Station 7,Western,Petrol,2147,1.25,1.05,2683.75,2254.35,429.4000000000001
2024-05-19,Station 4,Ashanti,Petrol,5664,1.25,1.05,7080.0,5947.2,1132.8000000000002
2024-02-06,Station 6,Eastern,Petrol,3818,1.25,1.05,4772.5,4008.9,763.5999999999999
2024-06-08,Station 5,Eastern,Petrol,4187,1.25,1.05,5233.75,4396.35,837.3999999999996
2024-01-09,Station 8,Central,Petrol,1096,1.25,1.05,1370.0,1150.8,219.20000000000005
2024-08-20,Station 1,Eastern,LPG,5045,0.9,0.7,4540.5,3531.5,1009.0
2024-04-08,Station 1,Ashanti,Petrol,984,1.25,1.05,1230.0,1033.2,196.79999999999995
2024-05-26,Station 13,Ashanti,Petrol,1145,1.25,1.05,1431.25,1202.25,229.0
2024-10-30,Station 15,Eastern,Petrol,3589,1.25,1.05,4486.25,3768.4500000000003,717.7999999999997
2024-07-26,Station 11,Ashanti,Diesel,5257,1.2,1.0,6308.4,5257.0,1051.3999999999996
2024-05-10,Station 6,Central,Petrol,5353,1.25,1.05,6691.25,5620.650000000001,1070.5999999999995
2024-05-31,Station 10,Greater Accra,Petrol,4884,1.25,1.05,6105.0,5128.2,976.8000000000002
2024-02-23,Station 12,Central,Diesel,1220,1.2,1.0,1464.0,1220.0,244.0
2024-04-29,Station 2,Central,Petrol,5233,1.25,1.05,6541.25,5494.650000000001,1046.5999999999995
2024-06-09,Station 5,Ashanti,Petrol,998,1.25,1.05,1247.5,1047.9,199.5999999999999
2024-04-25,Station 1,Greater Accra,Petrol,5229,1.25,1.05,6536.25,5490.45,1045.8000000000002
2024-03-15,Station 7,Ashanti,Petrol,2173,1.25,1.05,2716.25,2281.65,434.5999999999999
2024-04-22,Station 1,Western,Petrol,3567,1.25,1.05,4458.75,3745.3500000000004,713.3999999999996
2024-04-13,Station 4,Ashanti,Petrol,614,1.25,1.05,767.5,644.7,122.79999999999995
2024-12-05,Station 9,Ashanti,Diesel,3479,1.2,1.0,4174.8,3479.0,695.8000000000002
2024-09-10,Station 1,Ashanti,Diesel,5269,1.2,1.0,6322.8,5269.0,1053.8000000000002
2024-08-14,Station 4,Greater Accra,Diesel,2236,1.2,1.0,2683.2,2236.0,447.1999999999998
2024-04-21,Station 6,Ashanti,Petrol,5853,1.25,1.05,7316.25,6145.650000000001,1170.5999999999995
2024-04-08,Station 6,Greater Accra,LPG,4111,0.9,0.7,3699.9,2877.7,822.2000000000003
2024-06-01,Station 12,Eastern,Petrol,2753,1.25,1.05,3441.25,2890.65,550.5999999999999
2024-12-14,Station 15,Western,Petrol,2794,1.25,1.05,3492.5,2933.7000000000003,558.7999999999997
2024-12-31,Station 13,Greater Accra,Diesel,4130,1.2,1.0,4956.0,4130.0,826.0
2024-12-03,Station 8,Eastern,Petrol,646,1.25,1.05,807.5,678.3000000000001,129.19999999999993
2024-07-12,Station 1,Greater Accra,Petrol,4482,1.25,1.05,5602.5,4706.1,896.3999999999996
2024-11-05,Station 7,Greater Accra,Diesel,3953,1.2,1.0,4743.599999999999,3953.0,790.5999999999995
2024-06-11,Station 1,Western,LPG,5007,0.9,0.7,4506.3,3504.8999999999996,1001.4000000000005
2024-07-26,Station 13,Central,Petrol,2910,1.25,1.05,3637.5,3055.5,582.0
2024-06-17,Station 14,Central,Diesel,636,1.2,1.0,763.1999999999999,636.0,127.19999999999993
2024-06-09,Station 7,Greater Accra,LPG,3860,0.9,0.7,3474.0,2702.0,772.0
2024-03-08,Station 3,Ashanti,Petrol,3505,1.25,1.05,4381.25,3680.25,701.0
2024-10-15,Station 11,Eastern,Petrol,4052,1.25,1.05,5065.0,4254.6,810.3999999999996
2024-10-03,Station 8,Ashanti,Petrol,518,1.25,1.05,647.5,543.9,103.60000000000002
2024-10-30,Station 3,Ashanti,Petrol,2742,1.25,1.05,3427.5,2879.1,548.4000000000001
2024-05-14,Station 14,Greater Accra,Petrol,5597,1.25,1.05,6996.25,5876.85,1119.3999999999996
2024-07-13,Station 14,Greater Accra,LPG,948,0.9,0.7,853.2,663.5999999999999,189.60000000000014
2024-05-07,Station 13,Greater Accra,Diesel,2448,1.2,1.0,2937.6,2448.0,489.5999999999999
2024-02-02,Station 1,Greater Accra,Diesel,1445,1.2,1.0,1734.0,1445.0,289.0
2024-06-24,Station 13,Central,Petrol,5973,1.25,1.05,7466.25,6271.650000000001,1194.5999999999995
2024-01-22,Station 13,Greater Accra,Diesel,4736,1.2,1.0,5683.2,4736.0,947.1999999999998
2024-08-25,Station 14,Central,LPG,2420,0.9,0.7,2178.0,1694.0,484.0
2024-06-06,Station 8,Central,Diesel,3477,1.2,1.0,4172.4,3477.0,695.3999999999996
2024-02-07,Station 3,Greater Accra,Petrol,4688,1.25,1.05,5860.0,4922.400000000001,937.5999999999995
2024-08-17,Station 2,Western,Diesel,4515,1.2,1.0,5418.0,4515.0,903.0
2024-12-30,Station 1,Eastern,Petrol,738,1.25,1.05,922.5,774.9,147.60000000000002
2024-02-20,Station 14,Ashanti,Petrol,704,1.25,1.05,880.0,739.2,140.79999999999995
2024-09-20,Station 3,Central,Petrol,3107,1.25,1.05,3883.75,3262.3500000000004,621.3999999999996
2024-10-09,Station 15,Eastern,Diesel,4840,1.2,1.0,5808.0,4840.0,968.0
2024-01-27,Station 2,Western,Diesel,5427,1.2,1.0,6512.4,5427.0,1085.3999999999996
2024-08-13,Station 2,Ashanti,Petrol,3888,1.25,1.05,4860.0,4082.4,777.5999999999999
2024-10-03,Station 6,Ashanti,Petrol,3472,1.25,1.05,4340.0,3645.6000000000004,694.3999999999996
2024-10-12,Station 12,Central,Petrol,4890,1.25,1.05,6112.5,5134.5,978.0
2024-04-06,Station 1,Greater Accra,Petrol,3187,1.25,1.05,3983.75,3346.3500000000004,637.3999999999996
2024-10-10,Station 2,Western,Petrol,5451,1.25,1.05,6813.75,5723.55,1090.1999999999998
2024-11-12,Station 14,Central,Petrol,4666,1.25,1.05,5832.5,4899.3,933.1999999999998
2024-10-30,Station 6,Western,Diesel,5888,1.2,1.0,7065.599999999999,5888.0,1177.5999999999995
2024-05-26,Station 3,Greater Accra,Petrol,1848,1.25,1.05,2310.0,1940.4,369.5999999999999
2024-01-04,Station 15,Greater Accra,Petrol,4900,1.25,1.05,6125.0,5145.0,980.0
2024-02-04,Station 4,Central,Petrol,5626,1.25,1.05,7032.5,5907.3,1125.1999999999998
2024-07-10,Station 1,Greater Accra,LPG,5933,0.9,0.7,5339.7,4153.099999999999,1186.6000000000004
2024-02-18,Station 8,Eastern,Diesel,1316,1.2,1.0,1579.2,1316.0,263.20000000000005
2024-01-17,Station 13,Ashanti,Diesel,5722,1.2,1.0,6866.4,5722.0,1144.3999999999996
2024-06-20,Station 7,Central,Petrol,1320,1.25,1.05,1650.0,1386.0,264.0
2024-08-07,Station 7,Western,Diesel,692,1.2,1.0,830.4,692.0,138.39999999999998
2024-06-06,Station 3,Eastern,Petrol,2276,1.25,1.05,2845.0,2389.8,455.1999999999998
2024-02-15,Station 10,Central,Diesel,4145,1.2,1.0,4974.0,4145.0,829.0
2024-01-06,Station 10,Greater Accra,LPG,5124,0.9,0.7,4611.6,3586.7999999999997,1024.8000000000006
2024-04-08,Station 3,Greater Accra,Diesel,750,1.2,1.0,900.0,750.0,150.0
2024-08-20,Station 14,Greater Accra,LPG,2288,0.9,0.7,2059.2000000000003,1601.6,457.60000000000036
2024-02-06,Station 2,Greater Accra,Diesel,4200,1.2,1.0,5040.0,4200.0,840.0
2024-10-06,Station 12,Western,Petrol,2963,1.25,1.05,3703.75,3111.15,592.5999999999999
2024-12-14,Station 1,Eastern,LPG,5999,0.9,0.7,5399.1,4199.3,1199.8000000000002
2024-10-28,Station 7,Ashanti,Petrol,1667,1.25,1.05,2083.75,1750.3500000000001,333.39999999999986
2024-06-29,Station 7,Western,Diesel,4393,1.2,1.0,5271.599999999999,4393.0,878.5999999999995
2024-04-04,Station 12,Western,Petrol,1596,1.25,1.05,1995.0,1675.8000000000002,319.1999999999998
2024-04-08,Station 2,Ashanti,Petrol,3179,1.25,1.05,3973.75,3337.9500000000003,635.7999999999997
2024-07-06,Station 7,Ashanti,Petrol,2347,1.25,1.05,2933.75,2464.35,469.4000000000001
2024-04-25,Station 13,Greater Accra,Petrol,4404,1.25,1.05,5505.0,4624.2,880.8000000000002
2024-07-09,Station 8,Western,Petrol,1004,1.25,1.05,1255.0,1054.2,200.79999999999995
2024-09-09,Station 1,Central,Diesel,2121,1.2,1.0,2545.2,2121.0,424.1999999999998
2024-06-09,Station 9,Ashanti,Petrol,2972,1.25,1.05,3715.0,3120.6,594.4000000000001
2024-09-12,Station 7,Ashanti,Petrol,3046,1.25,1.05,3807.5,3198.3,609.1999999999998
2024-11-18,Station 3,Eastern,Diesel,1887,1.2,1.0,2264.4,1887.0,377.4000000000001
2024-05-07,Station 8,Central,Petrol,3494,1.25,1.05,4367.5,3668.7000000000003,698.7999999999997
2024-01-18,Station 7,Central,Diesel,4316,1.2,1.0,5179.2,4316.0,863.1999999999998
2024-10-07,Station 11,Ashanti,Diesel,5818,1.2,1.0,6981.599999999999,5818.0,1163.5999999999995
2024-08-10,Station 15,Greater Accra,Diesel,1217,1.2,1.0,1460.3999999999999,1217.0,243.39999999999986
2024-02-23,Station 13,Eastern,Diesel,3984,1.2,1.0,4780.8,3984.0,796.8000000000002
2024-02-27,Station 8,Central,Petrol,4934,1.25,1.05,6167.5,5180.7,986.8000000000002
2024-11-18,Station 6,Ashanti,Diesel,1158,1.2,1.0,1389.6,1158.0,231.5999999999999
2024-12-25,Station 9,Central,Petrol,5557,1.25,1.05,6946.25,5834.85,1111.3999999999996
2024-06-22,Station 15,Eastern,Petrol,4508,1.25,1.05,5635.0,4733.400000000001,901.5999999999995
2024-10-06,Station 5,Eastern,Diesel,5024,1.2,1.0,6028.8,5024.0,1004.8000000000002
2024-04-23,Station 3,Western,Petrol,5494,1.25,1.05,6867.5,5768.7,1098.8000000000002
2024-10-14,Station 3,Ashanti,Diesel,4734,1.2,1.0,5680.8,4734.0,946.8000000000002
2024-12-07,Station 1,Eastern,Diesel,4264,1.2,1.0,5116.8,4264.0,852.8000000000002
2024-05-30,Station 12,Western,LPG,3489,0.9,0.7,3140.1,2442.2999999999997,697.8000000000002
2024-05-06,Station 15,Western,LPG,5137,0.9,0.7,4623.3,3595.8999999999996,1027.4000000000005
2024-06-03,Station 8,Central,Petrol,2604,1.25,1.05,3255.0,2734.2000000000003,520.7999999999997
2024-09-29,Station 2,Central,Petrol,1755,1.25,1.05,2193.75,1842.75,351.0
2024-04-13,Station 3,Western,Diesel,2982,1.2,1.0,3578.4,2982.0,596.4000000000001
2024-10-25,Station 8,Central,Petrol,883,1.25,1.05,1103.75,927.1500000000001,176.5999999999999
2024-09-02,Station 14,Eastern,Diesel,3107,1.2,1.0,3728.3999999999996,3107.0,621.3999999999996
2024-06-24,Station 8,Greater Accra,Diesel,693,1.2,1.0,831.6,693.0,138.60000000000002
2024-02-08,Station 14,Eastern,Diesel,4307,1.2,1.0,5168.4,4307.0,861.3999999999996
2024-06-18,Station 11,Western,Petrol,4219,1.25,1.05,5273.75,4429.95,843.8000000000002
2024-09-03,Station 4,Western,Petrol,3081,1.25,1.05,3851.25,3235.05,616.1999999999998
2024-01-26,Station 4,Eastern,Petrol,3065,1.25,1.05,3831.25,3218.25,613.0
2024-12-20,Station 5,Central,Petrol,3263,1.25,1.05,4078.75,3426.15,652.5999999999999
2024-11-01,Station 6,Central,LPG,3298,0.9,0.7,2968.2000000000003,2308.6,659.6000000000004
2024-01-13,Station 5,Western,Petrol,2839,1.25,1.05,3548.75,2980.9500000000003,567.7999999999997
2024-11-11,Station 14,Ashanti,Petrol,3906,1.25,1.05,4882.5,4101.3,781.1999999999998
2024-11-08,Station 15,Central,Petrol,1231,1.25,1.05,1538.75,1292.55,246.20000000000005
2024-02-05,Station 7,Eastern,Diesel,3372,1.2,1.0,4046.3999999999996,3372.0,674.3999999999996
2024-06-21,Station 2,Central,Diesel,3620,1.2,1.0,4344.0,3620.0,724.0
2024-01-20,Station 7,Eastern,Petrol,5280,1.25,1.05,6600.0,5544.0,1056.0
2024-11-16,Station 10,Western,Petrol,4677,1.25,1.05,5846.25,4910.85,935.3999999999996
2024-09-20,Station 7,Central,Petrol,3104,1.25,1.05,3880.0,3259.2000000000003,620.7999999999997
2024-05-21,Station 1,Eastern,Petrol,2882,1.25,1.05,3602.5,3026.1,576.4000000000001
2024-05-22,Station 7,Western,Diesel,1031,1.2,1.0,1237.2,1031.0,206.20000000000005
2024-04-01,Station 5,Ashanti,Diesel,4816,1.2,1.0,5779.2,4816.0,963.1999999999998
2024-12-19,Station 3,Eastern,Petrol,1134,1.25,1.05,1417.5,1190.7,226.79999999999995
2024-11-17,Station 13,Ashanti,Petrol,2269,1.25,1.05,2836.25,2382.4500000000003,453.7999999999997
2024-10-14,Station 3,Ashanti,LPG,4304,0.9,0.7,3873.6,3012.7999999999997,860.8000000000002
2024-08-02,Station 4,Greater Accra,Petrol,2870,1.25,1.05,3587.5,3013.5,574.0
2024-12-07,Station 13,Central,Diesel,502,1.2,1.0,602.4,502.0,100.39999999999998
2024-02-20,Station 12,Eastern,Petrol,705,1.25,1.05,881.25,740.25,141.0
2024-06-01,Station 2,Ashanti,Petrol,4635,1.25,1.05,5793.75,4866.75,927.0
2024-07-04,Station 2,Greater Accra,Petrol,3121,1.25,1.05,3901.25,3277.05,624.1999999999998
2024-03-03,Station 1,Western,Diesel,5239,1.2,1.0,6286.8,5239.0,1047.8000000000002
2024-07-08,Station 15,Eastern,LPG,3390,0.9,0.7,3051.0,2373.0,678.0
2024-05-04,Station 5,Ashanti,Petrol,3693,1.25,1.05,4616.25,3877.65,738.5999999999999
2024-05-29,Station 4,Central,Petrol,3166,1.25,1.05,3957.5,3324.3,633.1999999999998
2024-11-09,Station 11,Greater Accra,Petrol,3806,1.25,1.05,4757.5,3996.3,761.1999999999998
2024-02-27,Station 10,Ashanti,Petrol,1397,1.25,1.05,1746.25,1466.8500000000001,279.39999999999986
2024-12-07,Station 15,Central,Petrol,1585,1.25,1.05,1981.25,1664.25,317.0
2024-10-31,Station 2,Ashanti,Petrol,1779,1.25,1.05,2223.75,1867.95,355.79999999999995
2024-06-28,Station 3,Eastern,Diesel,1170,1.2,1.0,1404.0,1170.0,234.0
2024-06-18,Station 7,Eastern,Petrol,2005,1.25,1.05,2506.25,2105.25,401.0
2024-11-21,Station 7,Eastern,Petrol,4075,1.25,1.05,5093.75,4278.75,815.0
2024-09-27,Station 12,Greater Accra,LPG,5314,0.9,0.7,4782.6,3719.7999999999997,1062.8000000000006
2024-02-23,Station 4,Eastern,Petrol,5667,1.25,1.05,7083.75,5950.35,1133.3999999999996
2024-04-10,Station 5,Central,LPG,2455,0.9,0.7,2209.5,1718.5,491.0
2024-09-20,Station 5,Ashanti,Petrol,5755,1.25,1.05,7193.75,6042.75,1151.0
2024-02-22,Station 6,Western,LPG,749,0.9,0.7,674.1,524.3,149.80000000000007
2024-02-29,Station 14,Central,Diesel,2392,1.2,1.0,2870.4,2392.0,478.4000000000001
2024-04-17,Station 9,Central,Diesel,3939,1.2,1.0,4726.8,3939.0,787.8000000000002
2024-01-05,Station 2,Eastern,LPG,2353,0.9,0.7,2117.7000000000003,1647.1,470.60000000000036
2024-04-12,Station 5,Greater Accra,Petrol,3354,1.25,1.05,4192.5,3521.7000000000003,670.7999999999997
2024-07-14,Station 12,Ashanti,LPG,2003,0.9,0.7,1802.7,1402.1,400.60000000000014
2024-09-18,Station 3,Greater Accra,Petrol,3885,1.25,1.05,4856.25,4079.25,777.0
2024-12-30,Station 4,Ashanti,Petrol,4071,1.25,1.05,5088.75,4274.55,814.1999999999998
2024-12-15,Station 10,Ashanti,Petrol,4292,1.25,1.05,5365.0,4506.6,858.3999999999996
2024-02-16,Station 6,Greater Accra,Diesel,3926,1.2,1.0,4711.2,3926.0,785.1999999999998
2024-12-20,Station 12,Central,Petrol,5830,1.25,1.05,7287.5,6121.5,1166.0
2024-11-06,Station 8,Ashanti,Diesel,543,1.2,1.0,651.6,543.0,108.60000000000002
2024-11-03,Station 1,Greater Accra,Diesel,4112,1.2,1.0,4934.4,4112.0,822.3999999999996
2024-05-23,Station 10,Ashanti,Diesel,3118,1.2,1.0,3741.6,3118.0,623.5999999999999
2024-09-25,Station 14,Western,Diesel,5178,1.2,1.0,6213.599999999999,5178.0,1035.5999999999995
2024-05-03,Station 8,Central,Petrol,3663,1.25,1.05,4578.75,3846.15,732.5999999999999
2024-04-15,Station 11,Eastern,Petrol,1788,1.25,1.05,2235.0,1877.4,357.5999999999999
2024-06-06,Station 14,Ashanti,Petrol,3442,1.25,1.05,4302.5,3614.1000000000004,688.3999999999996
2024-05-26,Station 7,Western,Petrol,719,1.25,1.05,898.75,754.95,143.79999999999995
2024-05-24,Station 1,Eastern,Petrol,2425,1.25,1.05,3031.25,2546.25,485.0
2024-04-29,Station 2,Eastern,Petrol,3472,1.25,1.05,4340.0,3645.6000000000004,694.3999999999996
2024-11-14,Station 3,Ashanti,Petrol,4013,1.25,1.05,5016.25,4213.650000000001,802.5999999999995
2024-10-01,Station 1,Greater Accra,LPG,2948,0.9,0.7,2653.2000000000003,2063.6,589.6000000000004
2024-04-01,Station 14,Ashanti,Diesel,3971,1.2,1.0,4765.2,3971.0,794.1999999999998
2024-02-27,Station 9,Western,Petrol,3274,1.25,1.05,4092.5,3437.7000000000003,654.7999999999997
2024-12-11,Station 8,Eastern,Diesel,1490,1.2,1.0,1788.0,1490.0,298.0
2024-08-16,Station 2,Ashanti,Petrol,3446,1.25,1.05,4307.5,3618.3,689.1999999999998
2024-04-26,Station 13,Greater Accra,Petrol,2312,1.25,1.05,2890.0,2427.6,462.4000000000001
2024-11-13,Station 9,Ashanti,Diesel,5453,1.2,1.0,6543.599999999999,5453.0,1090.5999999999995
2024-10-05,Station 7,Central,Petrol,1303,1.25,1.05,1628.75,1368.15,260.5999999999999
2024-05-06,Station 9,Greater Accra,Petrol,989,1.25,1.05,1236.25,1038.45,197.79999999999995
2024-05-08,Station 6,Western,LPG,4056,0.9,0.7,3650.4,2839.2,811.2000000000003
2024-02-27,Station 6,Eastern,LPG,1993,0.9,0.7,1793.7,1395.1,398.60000000000014
2024-05-01,Station 11,Ashanti,Diesel,4145,1.2,1.0,4974.0,4145.0,829.0
2024-01-01,Station 14,Greater Accra,Diesel,3391,1.2,1.0,4069.2,3391.0,678.1999999999998
2024-08-26,Station 4,Central,Diesel,2205,1.2,1.0,2646.0,2205.0,441.0
2024-10-16,Station 10,Greater Accra,Petrol,4016,1.25,1.05,5020.0,4216.8,803.1999999999998
2024-04-05,Station 10,Central,Petrol,3840,1.25,1.05,4800.0,4032.0,768.0
2024-05-05,Station 13,Western,Petrol,553,1.25,1.05,691.25,580.65,110.60000000000002
2024-04-27,Station 13,Eastern,Petrol,3075,1.25,1.05,3843.75,3228.75,615.0
2024-02-17,Station 2,Western,Diesel,4091,1.2,1.0,4909.2,4091.0,818.1999999999998
2024-03-29,Station 7,Ashanti,Petrol,1115,1.25,1.05,1393.75,1170.75,223.0
2024-08-24,Station 5,Greater Accra,LPG,5678,0.9,0.7,5110.2,3974.6,1135.6
2024-09-28,Station 11,Central,LPG,1454,0.9,0.7,1308.6000000000001,1017.8,290.8000000000002
2024-07-07,Station 6,Central,Diesel,2933,1.2,1.0,3519.6,2933.0,586.5999999999999
2024-07-10,Station 2,Greater Accra,Diesel,2129,1.2,1.0,2554.7999999999997,2129.0,425.7999999999997
2024-03-09,Station 5,Greater Accra,LPG,3281,0.9,0.7,2952.9,2296.7,656.2000000000003
2024-10-04,Station 10,Ashanti,Petrol,1149,1.25,1.05,1436.25,1206.45,229.79999999999995
2024-12-14,Station 4,Western,Diesel,2847,1.2,1.0,3416.4,2847.0,569.4000000000001
2024-09-03,Station 9,Central,Petrol,4990,1.25,1.05,6237.5,5239.5,998.0
2024-03-16,Station 6,Ashanti,Diesel,3778,1.2,1.0,4533.599999999999,3778.0,755.5999999999995
2024-06-02,Station 2,Western,Petrol,5955,1.25,1.05,7443.75,6252.75,1191.0
2024-05-23,Station 1,Ashanti,LPG,3140,0.9,0.7,2826.0,2198.0,628.0
2024-03-26,Station 5,Central,LPG,4301,0.9,0.7,3870.9,3010.7,860.2000000000003
2024-07-03,Station 9,Greater Accra,Petrol,3061,1.25,1.05,3826.25,3214.05,612.1999999999998
2024-10-11,Station 6,Greater Accra,Petrol,3749,1.25,1.05,4686.25,3936.4500000000003,749.7999999999997
2024-08-07,Station 10,Western,LPG,870,0.9,0.7,783.0,609.0,174.0
2024-03-09,Station 12,Eastern,Petrol,1357,1.25,1.05,1696.25,1424.8500000000001,271.39999999999986
2024-02-16,Station 7,Western,LPG,5386,0.9,0.7,4847.400000000001,3770.2,1077.2000000000007
2024-04-03,Station 5,Eastern,Diesel,5253,1.2,1.0,6303.599999999999,5253.0,1050.5999999999995
2024-08-25,Station 10,Ashanti,Petrol,5988,1.25,1.05,7485.0,6287.400000000001,1197.5999999999995
2024-07-22,Station 6,Ashanti,Petrol,883,1.25,1.05,1103.75,927.1500000000001,176.5999999999999
2024-08-05,Station 5,Central,Petrol,4377,1.25,1.05,5471.25,4595.85,875.3999999999996
2024-12-06,Station 11,Eastern,Diesel,3052,1.2,1.0,3662.4,3052.0,610.4000000000001
2024-02-08,Station 9,Central,Petrol,4834,1.25,1.05,6042.5,5075.7,966.8000000000002
2024-04-09,Station 15,Greater Accra,Diesel,4790,1.2,1.0,5748.0,4790.0,958.0
2024-10-15,Station 6,Eastern,Petrol,3225,1.25,1.05,4031.25,3386.25,645.0
2024-09-10,Station 11,Western,Diesel,4534,1.2,1.0,5440.8,4534.0,906.8000000000002
2024-08-09,Station 8,Greater Accra,LPG,3793,0.9,0.7,3413.7000000000003,2655.1,758.6000000000004
2024-12-22,Station 2,Greater Accra,LPG,5748,0.9,0.7,5173.2,4023.6,1149.6
2024-01-23,Station 12,Western,Petrol,4751,1.25,1.05,5938.75,4988.55,950.1999999999998
2024-09-06,Station 13,Greater Accra,Diesel,4488,1.2,1.0,5385.599999999999,4488.0,897.5999999999995
2024-01-10,Station 9,Eastern,Diesel,1422,1.2,1.0,1706.3999999999999,1422.0,284.39999999999986
2024-09-02,Station 5,Central,Diesel,3415,1.2,1.0,4098.0,3415.0,683.0
2024-11-20,Station 7,Greater Accra,LPG,3450,0.9,0.7,3105.0,2415.0,690.0
2024-04-09,Station 10,Eastern,Petrol,3546,1.25,1.05,4432.5,3723.3,709.1999999999998
2024-10-16,Station 13,Ashanti,Petrol,1474,1.25,1.05,1842.5,1547.7,294.79999999999995
2024-06-28,Station 1,Eastern,LPG,1730,0.9,0.7,1557.0,1211.0,346.0
2024-08-10,Station 10,Central,Petrol,2935,1.25,1.05,3668.75,3081.75,587.0
2024-09-06,Station 5,Eastern,Diesel,2314,1.2,1.0,2776.7999999999997,2314.0,462.7999999999997
2024-05-26,Station 12,Western,LPG,3434,0.9,0.7,3090.6,2403.7999999999997,686.8000000000002
2024-04-05,Station 14,Central,Petrol,5433,1.25,1.05,6791.25,5704.650000000001,1086.5999999999995
2024-09-13,Station 10,Ashanti,LPG,1863,0.9,0.7,1676.7,1304.1,372.60000000000014
2024-11-20,Station 14,Western,Petrol,4440,1.25,1.05,5550.0,4662.0,888.0
2024-01-04,Station 2,Eastern,Diesel,703,1.2,1.0,843.6,703.0,140.60000000000002
2024-01-16,Station 12,Central,Diesel,660,1.2,1.0,792.0,660.0,132.0
2024-10-06,Station 6,Ashanti,LPG,4987,0.9,0.7,4488.3,3490.8999999999996,997.4000000000005
2024-12-01,Station 11,Western,Petrol,1268,1.25,1.05,1585.0,1331.4,253.5999999999999
2024-09-03,Station 1,Ashanti,Petrol,4248,1.25,1.05,5310.0,4460.400000000001,849.5999999999995
2024-09-14,Station 3,Eastern,Diesel,3081,1.2,1.0,3697.2,3081.0,616.1999999999998
2024-06-08,Station 5,Ashanti,Diesel,1593,1.2,1.0,1911.6,1593.0,318.5999999999999
2024-12-05,Station 4,Greater Accra,Diesel,5000,1.2,1.0,6000.0,5000.0,1000.0
2024-05-31,Station 3,Western,Petrol,1107,1.25,1.05,1383.75,1162.3500000000001,221.39999999999986
2024-06-26,Station 10,Ashanti,Petrol,2040,1.25,1.05,2550.0,2142.0,408.0
2024-06-11,Station 13,Eastern,Petrol,3375,1.25,1.05,4218.75,3543.75,675.0
2024-02-02,Station 5,Eastern,Diesel,3691,1.2,1.0,4429.2,3691.0,738.1999999999998
2024-06-27,Station 11,Ashanti,Petrol,2337,1.25,1.05,2921.25,2453.85,467.4000000000001
2024-04-10,Station 8,Eastern,Petrol,1189,1.25,1.05,1486.25,1248.45,237.79999999999995
2024-09-24,Station 11,Central,LPG,4259,0.9,0.7,3833.1,2981.2999999999997,851.8000000000002
2024-11-18,Station 4,Central,Petrol,3449,1.25,1.05,4311.25,3621.4500000000003,689.7999999999997
2024-03-05,Station 1,Central,LPG,5836,0.9,0.7,5252.400000000001,4085.2,1167.2000000000007
2024-06-16,Station 11,Greater Accra,Diesel,2603,1.2,1.0,3123.6,2603.0,520.5999999999999
2024-11-25,Station 7,Ashanti,Diesel,865,1.2,1.0,1038.0,865.0,173.0
2024-02-12,Station 8,Greater Accra,Petrol,4075,1.25,1.05,5093.75,4278.75,815.0
2024-02-13,Station 3,Eastern,Petrol,5050,1.25,1.05,6312.5,5302.5,1010.0
2024-10-11,Station 6,Greater Accra,Diesel,4699,1.2,1.0,5638.8,4699.0,939.8000000000002
2024-01-12,Station 2,Eastern,Diesel,4672,1.2,1.0,5606.4,4672.0,934.3999999999996
2024-04-04,Station 7,Eastern,Diesel,4825,1.2,1.0,5790.0,4825.0,965.0
2024-10-28,Station 15,Western,Petrol,2878,1.25,1.05,3597.5,3021.9,575.5999999999999
2024-09-09,Station 8,Central,Diesel,1705,1.2,1.0,2046.0,1705.0,341.0
2024-08-29,Station 6,Eastern,Diesel,5488,1.2,1.0,6585.599999999999,5488.0,1097.5999999999995
2024-02-04,Station 6,Western,Diesel,4339,1.2,1.0,5206.8,4339.0,867.8000000000002
2024-08-02,Station 5,Central,Diesel,3235,1.2,1.0,3882.0,3235.0,647.0
2024-12-02,Station 8,Eastern,Diesel,3847,1.2,1.0,4616.4,3847.0,769.3999999999996
2024-03-30,Station 1,Eastern,Diesel,2175,1.2,1.0,2610.0,2175.0,435.0
2024-09-20,Station 10,Greater Accra,Petrol,798,1.25,1.05,997.5,837.9000000000001,159.5999999999999
2024-04-02,Station 4,Greater Accra,Petrol,1456,1.25,1.05,1820.0,1528.8,291.20000000000005
2024-03-30,Station 15,Central,Petrol,1614,1.25,1.05,2017.5,1694.7,322.79999999999995
2024-04-24,Station 4,Eastern,Petrol,3005,1.25,1.05,3756.25,3155.25,601.0
2024-04-14,Station 3,Ashanti,Petrol,1974,1.25,1.05,2467.5,2072.7000000000003,394.7999999999997
2024-07-14,Station 3,Greater Accra,Petrol,4960,1.25,1.05,6200.0,5208.0,992.0
2024-11-09,Station 4,Central,Petrol,4946,1.25,1.05,6182.5,5193.3,989.1999999999998
2024-04-23,Station 11,Eastern,Petrol,4226,1.25,1.05,5282.5,4437.3,845.1999999999998
2024-03-15,Station 1,Eastern,Diesel,3971,1.2,1.0,4765.2,3971.0,794.1999999999998
2024-08-04,Station 14,Ashanti,LPG,3328,0.9,0.7,2995.2000000000003,2329.6,665.6000000000004
2024-10-03,Station 11,Central,Petrol,3350,1.25,1.05,4187.5,3517.5,670.0
2024-09-05,Station 13,Eastern,LPG,5607,0.9,0.7,5046.3,3924.8999999999996,1121.4000000000005
2024-06-12,Station 11,Greater Accra,Diesel,3006,1.2,1.0,3607.2,3006.0,601.1999999999998
2024-12-22,Station 2,Ashanti,Petrol,4270,1.25,1.05,5337.5,4483.5,854.0
2024-07-10,Station 9,Central,Petrol,3464,1.25,1.05,4330.0,3637.2000000000003,692.7999999999997
2024-08-14,Station 10,Ashanti,Diesel,5094,1.2,1.0,6112.8,5094.0,1018.8000000000002
2024-06-25,Station 2,Greater Accra,Diesel,1449,1.2,1.0,1738.8,1449.0,289.79999999999995
2024-04-08,Station 5,Central,Diesel,5103,1.2,1.0,6123.599999999999,5103.0,1020.5999999999995
2024-02-05,Station 9,Ashanti,Petrol,5923,1.25,1.05,7403.75,6219.150000000001,1184.5999999999995
2024-04-05,Station 9,Western,Petrol,3350,1.25,1.05,4187.5,3517.5,670.0
2024-05-31,Station 8,Greater Accra,Petrol,665,1.25,1.05,831.25,698.25,133.0
2024-05-30,Station 1,Greater Accra,Petrol,3986,1.25,1.05,4982.5,4185.3,797.1999999999998
2024-07-08,Station 1,Greater Accra,Petrol,3009,1.25,1.05,3761.25,3159.4500000000003,601.7999999999997
2024-08-11,Station 9,Western,Petrol,1419,1.25,1.05,1773.75,1489.95,283.79999999999995
2024-02-06,Station 13,Western,Diesel,613,1.2,1.0,735.6,613.0,122.60000000000002
2024-09-24,Station 11,Eastern,LPG,4004,0.9,0.7,3603.6,2802.7999999999997,800.8000000000002
2024-07-01,Station 8,Ashanti,Petrol,1491,1.25,1.05,1863.75,1565.55,298.20000000000005
2024-01-13,Station 10,Eastern,LPG,4339,0.9,0.7,3905.1,3037.2999999999997,867.8000000000002
2024-10-05,Station 9,Ashanti,Petrol,1758,1.25,1.05,2197.5,1845.9,351.5999999999999
2024-08-04,Station 7,Western,Petrol,3926,1.25,1.05,4907.5,4122.3,785.1999999999998
2024-12-20,Station 3,Western,Petrol,1014,1.25,1.05,1267.5,1064.7,202.79999999999995
2024-12-26,Station 3,Eastern,Diesel,5827,1.2,1.0,6992.4,5827.0,1165.3999999999996
2024-10-12,Station 2,Central,LPG,5304,0.9,0.7,4773.6,3712.7999999999997,1060.8000000000006
2024-09-29,Station 5,Eastern,Diesel,3696,1.2,1.0,4435.2,3696.0,739.1999999999998
2024-03-02,Station 12,Ashanti,Petrol,4934,1.25,1.05,6167.5,5180.7,986.8000000000002
2024-03-24,Station 12,Eastern,Diesel,3084,1.2,1.0,3700.7999999999997,3084.0,616.7999999999997
2024-08-04,Station 3,Greater Accra,Petrol,567,1.25,1.05,708.75,595.35,113.39999999999998
2024-12-07,Station 14,Ashanti,LPG,2096,0.9,0.7,1886.4,1467.1999999999998,419.2000000000003
2024-07-05,Station 6,Ashanti,Diesel,4978,1.2,1.0,5973.599999999999,4978.0,995.5999999999995
2024-01-19,Station 2,Central,Petrol,518,1.25,1.05,647.5,543.9,103.60000000000002
2024-06-25,Station 12,Western,Diesel,3230,1.2,1.0,3876.0,3230.0,646.0
2024-04-09,Station 3,Ashanti,Diesel,4021,1.2,1.0,4825.2,4021.0,804.1999999999998
2024-08-20,Station 5,Western,Petrol,1072,1.25,1.05,1340.0,1125.6000000000001,214.39999999999986
2024-03-16,Station 12,Eastern,Diesel,5895,1.2,1.0,7074.0,5895.0,1179.0
2024-09-21,Station 11,Greater Accra,Petrol,2758,1.25,1.05,3447.5,2895.9,551.5999999999999
2024-10-10,Station 11,Central,Diesel,3402,1.2,1.0,4082.3999999999996,3402.0,680.3999999999996
2024-07-24,Station 1,Western,Diesel,1150,1.2,1.0,1380.0,1150.0,230.0
2024-08-10,Station 13,Ashanti,Diesel,5589,1.2,1.0,6706.8,5589.0,1117.8000000000002
2024-02-21,Station 1,Western,Diesel,3087,1.2,1.0,3704.3999999999996,3087.0,617.3999999999996
2024-12-04,Station 10,Ashanti,Diesel,3762,1.2,1.0,4514.4,3762.0,752.3999999999996
2024-05-23,Station 9,Western,Petrol,1838,1.25,1.05,2297.5,1929.9,367.5999999999999
2024-03-09,Station 7,Ashanti,Diesel,5496,1.2,1.0,6595.2,5496.0,1099.1999999999998
2024-04-08,Station 1,Eastern,Petrol,4134,1.25,1.05,5167.5,4340.7,826.8000000000002
2024-01-25,Station 15,Ashanti,Petrol,3327,1.25,1.05,4158.75,3493.3500000000004,665.3999999999996
2024-02-22,Station 12,Ashanti,Petrol,5732,1.25,1.05,7165.0,6018.6,1146.3999999999996
2024-05-30,Station 14,Greater Accra,Petrol,2717,1.25,1.05,3396.25,2852.85,543.4000000000001
2024-05-23,Station 8,Ashanti,Diesel,4039,1.2,1.0,4846.8,4039.0,807.8000000000002
2024-02-26,Station 3,Greater Accra,Petrol,1537,1.25,1.05,1921.25,1613.8500000000001,307.39999999999986
2024-02-08,Station 8,Central,Diesel,4883,1.2,1.0,5859.599999999999,4883.0,976.5999999999995
2024-04-18,Station 15,Greater Accra,Petrol,4478,1.25,1.05,5597.5,4701.900000000001,895.5999999999995
2024-06-29,Station 5,Eastern,Petrol,3461,1.25,1.05,4326.25,3634.05,692.1999999999998
2024-02-11,Station 1,Greater Accra,Diesel,3726,1.2,1.0,4471.2,3726.0,745.1999999999998
2024-07-04,Station 7,Central,Petrol,1598,1.25,1.05,1997.5,1677.9,319.5999999999999
2024-08-10,Station 5,Eastern,Petrol,2824,1.25,1.05,3530.0,2965.2000000000003,564.7999999999997
2024-05-01,Station 6,Western,Diesel,1439,1.2,1.0,1726.8,1439.0,287.79999999999995
2024-05-12,Station 6,Western,Petrol,4216,1.25,1.05,5270.0,4426.8,843.1999999999998
2024-06-11,Station 8,Greater Accra,Diesel,3914,1.2,1.0,4696.8,3914.0,782.8000000000002
2024-08-02,Station 9,Greater Accra,Petrol,1948,1.25,1.05,2435.0,2045.4,389.5999999999999
2024-08-08,Station 2,Central,Petrol,1070,1.25,1.05,1337.5,1123.5,214.0
2024-08-22,Station 9,Central,Diesel,3404,1.2,1.0,4084.7999999999997,3404.0,680.7999999999997
2024-11-26,Station 12,Ashanti,Petrol,5596,1.25,1.05,6995.0,5875.8,1119.1999999999998
2024-05-25,Station 15,Central,Petrol,5801,1.25,1.05,7251.25,6091.05,1160.1999999999998
2024-08-26,Station 11,Ashanti,Petrol,3005,1.25,1.05,3756.25,3155.25,601.0
2024-03-16,Station 10,Eastern,Petrol,1417,1.25,1.05,1771.25,1487.8500000000001,283.39999999999986
2024-01-09,Station 9,Greater Accra,Diesel,2374,1.2,1.0,2848.7999999999997,2374.0,474.7999999999997
2024-03-14,Station 13,Eastern,Petrol,5428,1.25,1.05,6785.0,5699.400000000001,1085.5999999999995
2024-09-09,Station 10,Central,Diesel,2178,1.2,1.0,2613.6,2178.0,435.5999999999999
2024-08-17,Station 15,Eastern,LPG,1115,0.9,0.7,1003.5,780.5,223.0
2024-01-07,Station 10,Eastern,Petrol,5001,1.25,1.05,6251.25,5251.05,1000.1999999999998
2024-06-22,Station 7,Eastern,LPG,2249,0.9,0.7,2024.1000000000001,1574.3,449.8000000000002
2024-05-20,Station 1,Central,Petrol,4325,1.25,1.05,5406.25,4541.25,865.0
2024-06-16,Station 7,Eastern,LPG,4688,0.9,0.7,4219.2,3281.6,937.5999999999999
2024-06-18,Station 10,Ashanti,Petrol,2977,1.25,1.05,3721.25,3125.85,595.4000000000001
2024-10-09,Station 5,Central,Diesel,5249,1.2,1.0,6298.8,5249.0,1049.8000000000002
2024-05-01,Station 6,Eastern,Petrol,4005,1.25,1.05,5006.25,4205.25,801.0
2024-07-12,Station 10,Central,Petrol,3975,1.25,1.05,4968.75,4173.75,795.0
2024-01-05,Station 7,Western,Diesel,5029,1.2,1.0,6034.8,5029.0,1005.8000000000002
2024-01-29,Station 14,Ashanti,Diesel,1635,1.2,1.0,1962.0,1635.0,327.0
2024-06-13,Station 15,Eastern,Petrol,4500,1.25,1.05,5625.0,4725.0,900.0
2024-12-04,Station 5,Western,Petrol,874,1.25,1.05,1092.5,917.7,174.79999999999995
2024-05-15,Station 7,Western,Diesel,5662,1.2,1.0,6794.4,5662.0,1132.3999999999996
2024-12-30,Station 9,Central,Diesel,706,1.2,1.0,847.1999999999999,706.0,141.19999999999993
2024-11-16,Station 3,Western,LPG,5375,0.9,0.7,4837.5,3762.4999999999995,1075.0000000000005
2024-12-07,Station 8,Ashanti,Diesel,1819,1.2,1.0,2182.7999999999997,1819.0,363.7999999999997
2024-05-24,Station 2,Ashanti,LPG,1641,0.9,0.7,1476.9,1148.6999999999998,328.2000000000003
2024-11-22,Station 11,Greater Accra,Diesel,5127,1.2,1.0,6152.4,5127.0,1025.3999999999996
2024-08-04,Station 7,Ashanti,Petrol,3190,1.25,1.05,3987.5,3349.5,638.0
2024-10-27,Station 13,Western,Petrol,3755,1.25,1.05,4693.75,3942.75,751.0
2024-05-11,Station 2,Ashanti,Diesel,589,1.2,1.0,706.8,589.0,117.79999999999995
2024-10-18,Station 15,Central,Diesel,5713,1.2,1.0,6855.599999999999,5713.0,1142.5999999999995
2024-03-10,Station 14,Greater Accra,Petrol,4608,1.25,1.05,5760.0,4838.400000000001,921.5999999999995
2024-09-08,Station 4,Western,Petrol,3520,1.25,1.05,4400.0,3696.0,704.0
2024-10-01,Station 7,Greater Accra,LPG,2357,0.9,0.7,2121.3,1649.8999999999999,471.4000000000003
2024-12-29,Station 3,Western,Diesel,1304,1.2,1.0,1564.8,1304.0,260.79999999999995
2024-06-30,Station 2,Central,Petrol,1444,1.25,1.05,1805.0,1516.2,288.79999999999995
2024-06-15,Station 11,Greater Accra,Petrol,3289,1.25,1.05,4111.25,3453.4500000000003,657.7999999999997
2024-03-31,Station 10,Eastern,Petrol,4375,1.25,1.05,5468.75,4593.75,875.0
2024-07-20,Station 7,Western,Petrol,2110,1.25,1.05,2637.5,2215.5,422.0
2024-12-11,Station 1,Eastern,Petrol,3423,1.25,1.05,4278.75,3594.15,684.5999999999999
2024-01-19,Station 14,Greater Accra,Petrol,4382,1.25,1.05,5477.5,4601.1,876.3999999999996
2024-02-08,Station 15,Eastern,Diesel,3721,1.2,1.0,4465.2,3721.0,744.1999999999998
2024-05-05,Station 8,Eastern,Petrol,5648,1.25,1.05,7060.0,5930.400000000001,1129.5999999999995
2024-06-21,Station 3,Greater Accra,Diesel,4891,1.2,1.0,5869.2,4891.0,978.1999999999998
2024-05-20,Station 12,Central,LPG,5521,0.9,0.7,4968.900000000001,3864.7,1104.2000000000007
2024-08-29,Station 12,Eastern,Petrol,5235,1.25,1.05,6543.75,5496.75,1047.0
2024-08-07,Station 13,Eastern,Diesel,2887,1.2,1.0,3464.4,2887.0,577.4000000000001
2024-05-05,Station 2,Central,Petrol,5223,1.25,1.05,6528.75,5484.150000000001,1044.5999999999995
2024-02-27,Station 3,Eastern,LPG,5763,0.9,0.7,5186.7,4034.1,1152.6
2024-05-27,Station 5,Eastern,Petrol,1441,1.25,1.05,1801.25,1513.05,288.20000000000005
2024-11-12,Station 11,Eastern,Diesel,5425,1.2,1.0,6510.0,5425.0,1085.0
2024-12-26,Station 8,Ashanti,Diesel,3066,1.2,1.0,3679.2,3066.0,613.1999999999998
2024-01-01,Station 10,Central,Petrol,1475,1.25,1.05,1843.75,1548.75,295.0
2024-12-13,Station 7,Eastern,Petrol,1454,1.25,1.05,1817.5,1526.7,290.79999999999995
2024-07-08,Station 7,Central,Diesel,1762,1.2,1.0,2114.4,1762.0,352.4000000000001
2024-07-09,Station 12,Western,Diesel,5547,1.2,1.0,6656.4,5547.0,1109.3999999999996
2024-11-07,Station 7,Western,Petrol,1443,1.25,1.05,1803.75,1515.15,288.5999999999999
2024-04-26,Station 15,Eastern,Diesel,2702,1.2,1.0,3242.4,2702.0,540.4000000000001
2024-05-13,Station 8,Central,Petrol,5800,1.25,1.05,7250.0,6090.0,1160.0
2024-02-27,Station 1,Central,Diesel,3827,1.2,1.0,4592.4,3827.0,765.3999999999996
2024-02-13,Station 4,Central,Petrol,5692,1.25,1.05,7115.0,5976.6,1138.3999999999996
2024-06-21,Station 13,Ashanti,LPG,4774,0.9,0.7,4296.6,3341.7999999999997,954.8000000000006
2024-06-08,Station 6,Western,Petrol,2759,1.25,1.05,3448.75,2896.9500000000003,551.7999999999997
2024-06-21,Station 9,Central,Petrol,2328,1.25,1.05,2910.0,2444.4,465.5999999999999
2024-11-12,Station 13,Central,Petrol,1757,1.25,1.05,2196.25,1844.8500000000001,351.39999999999986
2024-10-29,Station 2,Ashanti,Petrol,964,1.25,1.05,1205.0,1012.2,192.79999999999995
2024-05-28,Station 1,Ashanti,Diesel,3794,1.2,1.0,4552.8,3794.0,758.8000000000002
2024-03-20,Station 13,Central,Petrol,1730,1.25,1.05,2162.5,1816.5,346.0
2024-07-31,Station 10,Greater Accra,Diesel,3154,1.2,1.0,3784.7999999999997,3154.0,630.7999999999997
2024-07-21,Station 12,Central,Petrol,1384,1.25,1.05,1730.0,1453.2,276.79999999999995
2024-09-08,Station 14,Central,Petrol,4305,1.25,1.05,5381.25,4520.25,861.0
2024-08-16,Station 2,Ashanti,Petrol,5928,1.25,1.05,7410.0,6224.400000000001,1185.5999999999995
2024-06-12,Station 7,Ashanti,Petrol,5540,1.25,1.05,6925.0,5817.0,1108.0
2024-08-14,Station 3,Central,Petrol,4356,1.25,1.05,5445.0,4573.8,871.1999999999998
2024-05-26,Station 10,Central,Petrol,3635,1.25,1.05,4543.75,3816.75,727.0
2024-01-20,Station 2,Central,Petrol,1424,1.25,1.05,1780.0,1495.2,284.79999999999995
2024-02-16,Station 14,Ashanti,Petrol,5089,1.25,1.05,6361.25,5343.45,1017.8000000000002
2024-08-20,Station 11,Central,Diesel,2046,1.2,1.0,2455.2,2046.0,409.1999999999998
2024-10-31,Station 7,Central,Diesel,1594,1.2,1.0,1912.8,1594.0,318.79999999999995
2024-01-14,Station 13,Eastern,Petrol,2911,1.25,1.05,3638.75,3056.55,582.1999999999998
2024-05-22,Station 13,Greater Accra,Petrol,3117,1.25,1.05,3896.25,3272.8500000000004,623.3999999999996
2024-01-01,Station 2,Western,LPG,1262,0.9,0.7,1135.8,883.4,252.39999999999998
2024-02-23,Station 3,Greater Accra,Diesel,2823,1.2,1.0,3387.6,2823.0,564.5999999999999
2024-09-15,Station 11,Eastern,Diesel,4645,1.2,1.0,5574.0,4645.0,929.0
2024-05-23,Station 7,Western,Petrol,3275,1.25,1.05,4093.75,3438.75,655.0
2024-01-12,Station 14,Central,Diesel,5501,1.2,1.0,6601.2,5501.0,1100.1999999999998
2024-11-25,Station 4,Eastern,Diesel,5159,1.2,1.0,6190.8,5159.0,1031.8000000000002
2024-08-11,Station 13,Central,Diesel,5378,1.2,1.0,6453.599999999999,5378.0,1075.5999999999995
2024-09-28,Station 14,Ashanti,LPG,3655,0.9,0.7,3289.5,2558.5,731.0
2024-12-23,Station 1,Eastern,Petrol,4470,1.25,1.05,5587.5,4693.5,894.0
2024-06-04,Station 13,Ashanti,Petrol,2540,1.25,1.05,3175.0,2667.0,508.0
2024-01-08,Station 14,Eastern,Diesel,1083,1.2,1.0,1299.6,1083.0,216.5999999999999
2024-05-01,Station 5,Eastern,Diesel,5915,1.2,1.0,7098.0,5915.0,1183.0
2024-12-13,Station 12,Ashanti,Petrol,4831,1.25,1.05,6038.75,5072.55,966.1999999999998
2024-06-12,Station 9,Western,Petrol,2603,1.25,1.05,3253.75,2733.15,520.5999999999999
2024-03-30,Station 8,Greater Accra,Petrol,2442,1.25,1.05,3052.5,2564.1,488.4000000000001
2024-05-15,Station 12,Central,Petrol,4955,1.25,1.05,6193.75,5202.75,991.0
2024-07-04,Station 15,Eastern,Diesel,609,1.2,1.0,730.8,609.0,121.79999999999995
2024-11-11,Station 9,Central,Diesel,691,1.2,1.0,829.1999999999999,691.0,138.19999999999993
2024-06-26,Station 10,Ashanti,Petrol,1403,1.25,1.05,1753.75,1473.15,280.5999999999999
2024-01-28,Station 14,Central,Petrol,5712,1.25,1.05,7140.0,5997.6,1142.3999999999996
2024-08-07,Station 9,Ashanti,Petrol,1361,1.25,1.05,1701.25,1429.05,272.20000000000005
2024-12-22,Station 15,Central,Petrol,1583,1.25,1.05,1978.75,1662.15,316.5999999999999
2024-02-10,Station 7,Greater Accra,Diesel,1149,1.2,1.0,1378.8,1149.0,229.79999999999995
2024-08-15,Station 4,Greater Accra,LPG,4634,0.9,0.7,4170.6,3243.7999999999997,926.8000000000006
2024-07-10,Station 5,Greater Accra,Diesel,4111,1.2,1.0,4933.2,4111.0,822.1999999999998
2024-05-24,Station 1,Greater Accra,Petrol,1136,1.25,1.05,1420.0,1192.8,227.20000000000005
2024-07-19,Station 14,Greater Accra,LPG,1536,0.9,0.7,1382.4,1075.1999999999998,307.2000000000003
2024-07-30,Station 1,Greater Accra,Diesel,4631,1.2,1.0,5557.2,4631.0,926.1999999999998
2024-08-07,Station 3,Ashanti,Diesel,2648,1.2,1.0,3177.6,2648.0,529.5999999999999
2024-08-27,Station 13,Eastern,Petrol,4365,1.25,1.05,5456.25,4583.25,873.0
2024-02-15,Station 14,Central,Petrol,3657,1.25,1.05,4571.25,3839.8500000000004,731.3999999999996
2024-02-04,Station 8,Greater Accra,Petrol,4087,1.25,1.05,5108.75,4291.35,817.3999999999996
2024-09-09,Station 14,Ashanti,Petrol,3794,1.25,1.05,4742.5,3983.7000000000003,758.7999999999997
2024-03-22,Station 2,Ashanti,Petrol,5957,1.25,1.05,7446.25,6254.85,1191.3999999999996
2024-09-12,Station 4,Ashanti,Petrol,4761,1.25,1.05,5951.25,4999.05,952.1999999999998
2024-07-15,Station 2,Eastern,Petrol,2930,1.25,1.05,3662.5,3076.5,586.0
2024-10-29,Station 14,Central,Diesel,2379,1.2,1.0,2854.7999999999997,2379.0,475.7999999999997
2024-01-10,Station 5,Eastern,Petrol,4466,1.25,1.05,5582.5,4689.3,893.1999999999998
2024-11-07,Station 9,Western,Petrol,4213,1.25,1.05,5266.25,4423.650000000001,842.5999999999995
2024-10-12,Station 1,Ashanti,LPG,4626,0.9,0.7,4163.400000000001,3238.2,925.2000000000007
2024-08-29,Station 5,Western,LPG,4606,0.9,0.7,4145.400000000001,3224.2,921.2000000000007
2024-09-07,Station 14,Greater Accra,Diesel,2511,1.2,1.0,3013.2,2511.0,502.1999999999998
2024-12-30,Station 15,Greater Accra,LPG,3873,0.9,0.7,3485.7000000000003,2711.1,774.6000000000004
2024-01-05,Station 9,Eastern,Diesel,2643,1.2,1.0,3171.6,2643.0,528.5999999999999
2024-04-28,Station 15,Central,LPG,3000,0.9,0.7,2700.0,2100.0,600.0
2024-10-15,Station 1,Western,Petrol,5081,1.25,1.05,6351.25,5335.05,1016.1999999999998
2024-03-05,Station 9,Central,Petrol,1789,1.25,1.05,2236.25,1878.45,357.79999999999995
2024-05-25,Station 8,Eastern,Petrol,1947,1.25,1.05,2433.75,2044.3500000000001,389.39999999999986
2024-08-11,Station 4,Greater Accra,Petrol,3699,1.25,1.05,4623.75,3883.9500000000003,739.7999999999997
2024-08-26,Station 12,Central,Petrol,2443,1.25,1.05,3053.75,2565.15,488.5999999999999
2024-06-25,Station 11,Central,Diesel,3683,1.2,1.0,4419.599999999999,3683.0,736.5999999999995
2024-09-23,Station 10,Greater Accra,Diesel,5962,1.2,1.0,7154.4,5962.0,1192.3999999999996
2024-12-06,Station 5,Western,Diesel,3716,1.2,1.0,4459.2,3716.0,743.1999999999998
2024-10-08,Station 13,Greater Accra,Petrol,3636,1.25,1.05,4545.0,3817.8,727.1999999999998
2024-03-03,Station 5,Central,Diesel,3818,1.2,1.0,4581.599999999999,3818.0,763.5999999999995
2024-08-04,Station 11,Western,Diesel,3282,1.2,1.0,3938.3999999999996,3282.0,656.3999999999996
2024-12-07,Station 12,Western,Petrol,1490,1.25,1.05,1862.5,1564.5,298.0
2024-11-10,Station 6,Greater Accra,Diesel,5420,1.2,1.0,6504.0,5420.0,1084.0
2024-10-09,Station 7,Central,Petrol,2653,1.25,1.05,3316.25,2785.65,530.5999999999999
2024-06-25,Station 8,Eastern,Petrol,725,1.25,1.05,906.25,761.25,145.0
2024-04-07,Station 15,Central,LPG,1276,0.9,0.7,1148.4,893.1999999999999,255.20000000000016
2024-04-14,Station 14,Ashanti,Petrol,3337,1.25,1.05,4171.25,3503.8500000000004,667.3999999999996
2024-04-08,Station 8,Eastern,Petrol,5708,1.25,1.05,7135.0,5993.400000000001,1141.5999999999995
2024-11-06,Station 11,Western,LPG,1187,0.9,0.7,1068.3,830.9,237.39999999999998
2024-01-06,Station 14,Eastern,Diesel,1029,1.2,1.0,1234.8,1029.0,205.79999999999995
2024-07-15,Station 13,Western,Petrol,3942,1.25,1.05,4927.5,4139.1,788.3999999999996
2024-12-16,Station 2,Western,Petrol,5567,1.25,1.05,6958.75,5845.35,1113.3999999999996
2024-05-12,Station 9,Eastern,Petrol,5531,1.25,1.05,6913.75,5807.55,1106.1999999999998
2024-12-23,Station 7,Western,Diesel,2653,1.2,1.0,3183.6,2653.0,530.5999999999999
2024-09-15,Station 4,Western,Petrol,1794,1.25,1.05,2242.5,1883.7,358.79999999999995
2024-01-23,Station 4,Ashanti,Petrol,2026,1.25,1.05,2532.5,2127.3,405.1999999999998
2024-02-22,Station 11,Central,LPG,5274,0.9,0.7,4746.6,3691.7999999999997,1054.8000000000006
2024-06-13,Station 8,Central,Diesel,3396,1.2,1.0,4075.2,3396.0,679.1999999999998
2024-07-20,Station 4,Ashanti,Petrol,3603,1.25,1.05,4503.75,3783.15,720.5999999999999
2024-03-23,Station 13,Eastern,Diesel,2940,1.2,1.0,3528.0,2940.0,588.0
2024-05-24,Station 15,Greater Accra,Diesel,4635,1.2,1.0,5562.0,4635.0,927.0
2024-03-25,Station 6,Greater Accra,Petrol,4302,1.25,1.05,5377.5,4517.1,860.3999999999996
2024-03-18,Station 5,Greater Accra,Petrol,5701,1.25,1.05,7126.25,5986.05,1140.1999999999998
2024-12-31,Station 3,Ashanti,Diesel,1344,1.2,1.0,1612.8,1344.0,268.79999999999995
2024-01-01,Station 13,Ashanti,Petrol,946,1.25,1.05,1182.5,993.3000000000001,189.19999999999993
2024-02-20,Station 14,Western,Diesel,4415,1.2,1.0,5298.0,4415.0,883.0
2024-06-21,Station 10,Greater Accra,Petrol,3609,1.25,1.05,4511.25,3789.4500000000003,721.7999999999997
2024-07-23,Station 11,Eastern,Petrol,1734,1.25,1.05,2167.5,1820.7,346.79999999999995
2024-09-16,Station 2,Eastern,Petrol,5946,1.25,1.05,7432.5,6243.3,1189.1999999999998
2024-10-14,Station 9,Greater Accra,Petrol,726,1.25,1.05,907.5,762.3000000000001,145.19999999999993
2024-02-03,Station 10,Greater Accra,Petrol,4643,1.25,1.05,5803.75,4875.150000000001,928.5999999999995
2024-12-13,Station 9,Greater Accra,Petrol,3459,1.25,1.05,4323.75,3631.9500000000003,691.7999999999997
2024-04-04,Station 1,Ashanti,Diesel,2330,1.2,1.0,2796.0,2330.0,466.0
2024-03-12,Station 10,Ashanti,LPG,4279,0.9,0.7,3851.1,2995.2999999999997,855.8000000000002
2024-02-08,Station 3,Ashanti,Diesel,686,1.2,1.0,823.1999999999999,686.0,137.19999999999993
2024-06-02,Station 8,Central,LPG,3377,0.9,0.7,3039.3,2363.8999999999996,675.4000000000005
2024-09-06,Station 6,Eastern,Petrol,3035,1.25,1.05,3793.75,3186.75,607.0
2024-06-10,Station 5,Eastern,LPG,2432,0.9,0.7,2188.8,1702.3999999999999,486.4000000000003
2024-04-27,Station 5,Western,Petrol,3424,1.25,1.05,4280.0,3595.2000000000003,684.7999999999997
2024-09-15,Station 6,Ashanti,LPG,1348,0.9,0.7,1213.2,943.5999999999999,269.60000000000014
2024-11-01,Station 15,Central,LPG,2532,0.9,0.7,2278.8,1772.3999999999999,506.4000000000003
2024-09-24,Station 7,Central,Diesel,1752,1.2,1.0,2102.4,1752.0,350.4000000000001
2024-02-23,Station 1,Eastern,LPG,5574,0.9,0.7,5016.6,3901.7999999999997,1114.8000000000006
2024-08-23,Station 9,Ashanti,Diesel,5612,1.2,1.0,6734.4,5612.0,1122.3999999999996
2024-08-09,Station 3,Western,Petrol,2381,1.25,1.05,2976.25,2500.05,476.1999999999998
2024-09-07,Station 4,Ashanti,Petrol,769,1.25,1.05,961.25,807.45,153.79999999999995
2024-11-08,Station 10,Greater Accra,Diesel,2130,1.2,1.0,2556.0,2130.0,426.0
2024-04-21,Station 1,Ashanti,Petrol,4905,1.25,1.05,6131.25,5150.25,981.0
2024-09-11,Station 13,Greater Accra,Diesel,3703,1.2,1.0,4443.599999999999,3703.0,740.5999999999995
2024-10-29,Station 11,Greater Accra,LPG,2074,0.9,0.7,1866.6000000000001,1451.8,414.8000000000002
2024-07-25,Station 10,Western,Petrol,5691,1.25,1.05,7113.75,5975.55,1138.1999999999998
2024-08-16,Station 3,Eastern,Diesel,3392,1.2,1.0,4070.3999999999996,3392.0,678.3999999999996
2024-12-06,Station 2,Ashanti,LPG,2195,0.9,0.7,1975.5,1536.5,439.0
2024-03-06,Station 2,Greater Accra,LPG,3758,0.9,0.7,3382.2000000000003,2630.6,751.6000000000004
2024-03-15,Station 14,Ashanti,LPG,3762,0.9,0.7,3385.8,2633.3999999999996,752.4000000000005
2024-04-12,Station 1,Eastern,Diesel,1945,1.2,1.0,2334.0,1945.0,389.0
2024-07-10,Station 8,Eastern,LPG,719,0.9,0.7,647.1,503.29999999999995,143.80000000000007
2024-09-08,Station 3,Central,Diesel,552,1.2,1.0,662.4,552.0,110.39999999999998
2024-08-13,Station 3,Eastern,Petrol,2257,1.25,1.05,2821.25,2369.85,451.4000000000001
2024-10-20,Station 6,Western,Petrol,2166,1.25,1.05,2707.5,2274.3,433.1999999999998
2024-11-01,Station 13,Greater Accra,Diesel,5856,1.2,1.0,7027.2,5856.0,1171.1999999999998
2024-04-07,Station 8,Central,Petrol,3285,1.25,1.05,4106.25,3449.25,657.0
2024-12-03,Station 13,Western,Diesel,1219,1.2,1.0,1462.8,1219.0,243.79999999999995
2024-10-12,Station 15,Ashanti,Diesel,905,1.2,1.0,1086.0,905.0,181.0
2024-11-30,Station 9,Greater Accra,Petrol,2794,1.25,1.05,3492.5,2933.7000000000003,558.7999999999997
2024-12-12,Station 9,Eastern,Diesel,571,1.2,1.0,685.1999999999999,571.0,114.19999999999993
2024-11-03,Station 4,Greater Accra,Diesel,2553,1.2,1.0,3063.6,2553.0,510.5999999999999
2024-09-05,Station 14,Ashanti,Petrol,1729,1.25,1.05,2161.25,1815.45,345.79999999999995
2024-06-14,Station 5,Central,Petrol,2067,1.25,1.05,2583.75,2170.35,413.4000000000001
2024-11-30,Station 2,Central,Petrol,4182,1.25,1.05,5227.5,4391.1,836.3999999999996
2024-01-30,Station 11,Central,Petrol,3453,1.25,1.05,4316.25,3625.65,690.5999999999999
2024-09-03,Station 9,Eastern,LPG,4982,0.9,0.7,4483.8,3487.3999999999996,996.4000000000005
2024-04-15,Station 8,Western,Petrol,1198,1.25,1.05,1497.5,1257.9,239.5999999999999
2024-02-20,Station 3,Western,Diesel,5796,1.2,1.0,6955.2,5796.0,1159.1999999999998
2024-03-21,Station 11,Greater Accra,Petrol,1326,1.25,1.05,1657.5,1392.3,265.20000000000005
2024-05-12,Station 12,Eastern,Petrol,848,1.25,1.05,1060.0,890.4000000000001,169.5999999999999
2024-10-11,Station 13,Central,Diesel,5874,1.2,1.0,7048.8,5874.0,1174.8000000000002
2024-05-17,Station 9,Central,Diesel,4408,1.2,1.0,5289.599999999999,4408.0,881.5999999999995
2024-07-02,Station 3,Ashanti,Petrol,807,1.25,1.05,1008.75,847.35,161.39999999999998
2024-11-25,Station 9,Ashanti,Petrol,3916,1.25,1.05,4895.0,4111.8,783.1999999999998
2024-09-29,Station 2,Central,Petrol,5746,1.25,1.05,7182.5,6033.3,1149.1999999999998
2024-12-05,Station 12,Central,Petrol,2834,1.25,1.05,3542.5,2975.7000000000003,566.7999999999997
2024-03-09,Station 10,Eastern,Diesel,5361,1.2,1.0,6433.2,5361.0,1072.1999999999998
2024-02-03,Station 9,Western,Petrol,5320,1.25,1.05,6650.0,5586.0,1064.0
2024-09-18,Station 15,Ashanti,Petrol,3309,1.25,1.05,4136.25,3474.4500000000003,661.7999999999997
2024-02-22,Station 8,Western,Petrol,4058,1.25,1.05,5072.5,4260.900000000001,811.5999999999995
2024-07-23,Station 9,Eastern,LPG,4978,0.9,0.7,4480.2,3484.6,995.5999999999999
2024-05-05,Station 5,Central,LPG,3977,0.9,0.7,3579.3,2783.8999999999996,795.4000000000005
2024-08-22,Station 11,Western,Petrol,5120,1.25,1.05,6400.0,5376.0,1024.0
2024-02-12,Station 11,Central,Diesel,3186,1.2,1.0,3823.2,3186.0,637.1999999999998
2024-08-27,Station 2,Central,Petrol,3485,1.25,1.05,4356.25,3659.25,697.0
2024-04-20,Station 8,Greater Accra,Petrol,775,1.25,1.05,968.75,813.75,155.0
2024-09-05,Station 12,Western,Diesel,3047,1.2,1.0,3656.4,3047.0,609.4000000000001
2024-05-30,Station 15,Western,LPG,3264,0.9,0.7,2937.6,2284.7999999999997,652.8000000000002
2024-07-01,Station 6,Central,LPG,836,0.9,0.7,752.4,585.1999999999999,167.20000000000005
2024-12-01,Station 8,Eastern,Diesel,2473,1.2,1.0,2967.6,2473.0,494.5999999999999
2024-04-04,Station 11,Greater Accra,Petrol,3479,1.25,1.05,4348.75,3652.9500000000003,695.7999999999997
2024-01-08,Station 5,Central,Diesel,5076,1.2,1.0,6091.2,5076.0,1015.1999999999998
2024-12-25,Station 10,Ashanti,Petrol,4468,1.25,1.05,5585.0,4691.400000000001,893.5999999999995
2024-07-02,Station 2,Ashanti,Diesel,1410,1.2,1.0,1692.0,1410.0,282.0
2024-10-07,Station 6,Greater Accra,Petrol,2496,1.25,1.05,3120.0,2620.8,499.1999999999998
2024-07-13,Station 5,Eastern,Diesel,3629,1.2,1.0,4354.8,3629.0,725.8000000000002
2024-12-17,Station 12,Central,Petrol,5947,1.25,1.05,7433.75,6244.35,1189.3999999999996
2024-07-13,Station 13,Western,Petrol,4704,1.25,1.05,5880.0,4939.2,940.8000000000002
2024-06-03,Station 12,Greater Accra,LPG,4257,0.9,0.7,3831.3,2979.8999999999996,851.4000000000005
2024-04-02,Station 5,Eastern,Petrol,827,1.25,1.05,1033.75,868.35,165.39999999999998
2024-06-08,Station 13,Western,Diesel,2299,1.2,1.0,2758.7999999999997,2299.0,459.7999999999997
2024-03-01,Station 1,Ashanti,Petrol,814,1.25,1.05,1017.5,854.7,162.79999999999995
2024-05-01,Station 2,Ashanti,Petrol,4045,1.25,1.05,5056.25,4247.25,809.0
2024-02-20,Station 8,Western,Petrol,1634,1.25,1.05,2042.5,1715.7,326.79999999999995
2024-10-03,Station 13,Greater Accra,Petrol,3246,1.25,1.05,4057.5,3408.3,649.1999999999998
2024-01-05,Station 14,Ashanti,LPG,5376,0.9,0.7,4838.400000000001,3763.2,1075.2000000000007
2024-04-01,Station 13,Central,Petrol,2020,1.25,1.05,2525.0,2121.0,404.0
2024-06-18,Station 3,Western,LPG,655,0.9,0.7,589.5,458.49999999999994,131.00000000000006
2024-11-12,Station 10,Western,Diesel,2224,1.2,1.0,2668.7999999999997,2224.0,444.7999999999997
2024-01-22,Station 3,Ashanti,Petrol,3843,1.25,1.05,4803.75,4035.15,768.5999999999999
2024-11-21,Station 8,Greater Accra,Diesel,1386,1.2,1.0,1663.2,1386.0,277.20000000000005
2024-01-01,Station 8,Central,Diesel,3573,1.2,1.0,4287.599999999999,3573.0,714.5999999999995
2024-05-12,Station 2,Greater Accra,Diesel,3305,1.2,1.0,3966.0,3305.0,661.0
2024-08-20,Station 8,Eastern,Petrol,1221,1.25,1.05,1526.25,1282.05,244.20000000000005
2024-01-12,Station 11,Eastern,Petrol,1412,1.25,1.05,1765.0,1482.6000000000001,282.39999999999986
2024-12-11,Station 13,Ashanti,LPG,3857,0.9,0.7,3471.3,2699.8999999999996,771.4000000000005
2024-02-15,Station 13,Ashanti,LPG,1370,0.9,0.7,1233.0,958.9999999999999,274.0000000000001
2024-02-03,Station 1,Ashanti,LPG,4608,0.9,0.7,4147.2,3225.6,921.5999999999999
2024-03-18,Station 6,Eastern,Petrol,997,1.25,1.05,1246.25,1046.8500000000001,199.39999999999986
2024-08-05,Station 8,Greater Accra,Diesel,2256,1.2,1.0,2707.2,2256.0,451.1999999999998
2024-10-27,Station 3,Greater Accra,Petrol,1617,1.25,1.05,2021.25,1697.8500000000001,323.39999999999986
2024-03-13,Station 8,Ashanti,Petrol,3909,1.25,1.05,4886.25,4104.45,781.8000000000002
2024-10-08,Station 12,Central,Petrol,3328,1.25,1.05,4160.0,3494.4,665.5999999999999
2024-09-05,Station 1,Greater Accra,Diesel,5790,1.2,1.0,6948.0,5790.0,1158.0
2024-02-16,Station 11,Eastern,Petrol,2147,1.25,1.05,2683.75,2254.35,429.4000000000001
2024-04-30,Station 11,Western,Petrol,3483,1.25,1.05,4353.75,3657.15,696.5999999999999
2024-08-01,Station 9,Western,LPG,642,0.9,0.7,577.8000000000001,449.4,128.4000000000001
2024-08-26,Station 13,Western,Petrol,5820,1.25,1.05,7275.0,6111.0,1164.0
2024-02-25,Station 11,Central,Petrol,3261,1.25,1.05,4076.25,3424.05,652.1999999999998
2024-12-15,Station 13,Ashanti,Petrol,3935,1.25,1.05,4918.75,4131.75,787.0
2024-04-16,Station 9,Eastern,LPG,5160,0.9,0.7,4644.0,3611.9999999999995,1032.0000000000005
2024-11-14,Station 5,Central,Diesel,2931,1.2,1.0,3517.2,2931.0,586.1999999999998
2024-02-17,Station 10,Eastern,Petrol,5012,1.25,1.05,6265.0,5262.6,1002.3999999999996
2024-03-01,Station 4,Eastern,Diesel,2348,1.2,1.0,2817.6,2348.0,469.5999999999999
2024-12-02,Station 15,Ashanti,Diesel,3196,1.2,1.0,3835.2,3196.0,639.1999999999998
2024-01-26,Station 11,Western,Petrol,2217,1.25,1.05,2771.25,2327.85,443.4000000000001
2024-10-18,Station 6,Ashanti,Diesel,5986,1.2,1.0,7183.2,5986.0,1197.1999999999998
2024-09-13,Station 12,Central,Diesel,3572,1.2,1.0,4286.4,3572.0,714.3999999999996
2024-01-08,Station 7,Central,Diesel,1567,1.2,1.0,1880.3999999999999,1567.0,313.39999999999986
2024-04-22,Station 5,Central,Petrol,3286,1.25,1.05,4107.5,3450.3,657.1999999999998
2024-12-20,Station 11,Ashanti,LPG,5717,0.9,0.7,5145.3,4001.8999999999996,1143.4000000000005
2024-09-09,Station 13,Eastern,Diesel,4291,1.2,1.0,5149.2,4291.0,858.1999999999998
2024-06-28,Station 10,Eastern,Petrol,1788,1.25,1.05,2235.0,1877.4,357.5999999999999
2024-07-25,Station 9,Greater Accra,Petrol,4371,1.25,1.05,5463.75,4589.55,874.1999999999998
2024-10-29,Station 3,Central,Petrol,2306,1.25,1.05,2882.5,2421.3,461.1999999999998
2024-05-06,Station 15,Eastern,Petrol,2004,1.25,1.05,2505.0,2104.2000000000003,400.7999999999997
2024-02-25,Station 7,Greater Accra,Diesel,3808,1.2,1.0,4569.599999999999,3808.0,761.5999999999995
2024-08-01,Station 10,Eastern,Petrol,5612,1.25,1.05,7015.0,5892.6,1122.3999999999996
2024-01-14,Station 10,Central,Petrol,5548,1.25,1.05,6935.0,5825.400000000001,1109.5999999999995
2024-01-28,Station 11,Western,Diesel,3451,1.2,1.0,4141.2,3451.0,690.1999999999998
2024-03-18,Station 5,Central,Petrol,571,1.25,1.05,713.75,599.5500000000001,114.19999999999993
2024-08-03,Station 14,Ashanti,LPG,2190,0.9,0.7,1971.0,1533.0,438.0
2024-12-30,Station 7,Eastern,Petrol,5887,1.25,1.05,7358.75,6181.35,1177.3999999999996
2024-06-02,Station 15,Eastern,Petrol,1844,1.25,1.05,2305.0,1936.2,368.79999999999995
2024-01-14,Station 2,Ashanti,Petrol,3803,1.25,1.05,4753.75,3993.15,760.5999999999999
2024-07-05,Station 4,Ashanti,Petrol,3613,1.25,1.05,4516.25,3793.65,722.5999999999999
2024-11-07,Station 2,Western,Petrol,1382,1.25,1.05,1727.5,1451.1000000000001,276.39999999999986
2024-01-07,Station 14,Eastern,Diesel,4734,1.2,1.0,5680.8,4734.0,946.8000000000002
2024-01-03,Station 13,Eastern,LPG,3162,0.9,0.7,2845.8,2213.3999999999996,632.4000000000005
2024-04-20,Station 13,Western,Petrol,2004,1.25,1.05,2505.0,2104.2000000000003,400.7999999999997
2024-08-25,Station 12,Greater Accra,Diesel,2963,1.2,1.0,3555.6,2963.0,592.5999999999999
2024-12-28,Station 7,Western,Diesel,3053,1.2,1.0,3663.6,3053.0,610.5999999999999
2024-08-26,Station 2,Central,Diesel,1232,1.2,1.0,1478.3999999999999,1232.0,246.39999999999986
2024-09-30,Station 13,Eastern,Petrol,2248,1.25,1.05,2810.0,2360.4,449.5999999999999
2024-10-20,Station 14,Ashanti,Petrol,4424,1.25,1.05,5530.0,4645.2,884.8000000000002
2024-08-14,Station 11,Central,Petrol,923,1.25,1.05,1153.75,969.1500000000001,184.5999999999999
2024-01-15,Station 1,Eastern,Diesel,3978,1.2,1.0,4773.599999999999,3978.0,795.5999999999995
2024-07-10,Station 9,Western,Diesel,2091,1.2,1.0,2509.2,2091.0,418.1999999999998
2024-04-28,Station 1,Central,Petrol,4985,1.25,1.05,6231.25,5234.25,997.0
2024-01-28,Station 8,Eastern,Petrol,4937,1.25,1.05,6171.25,5183.85,987.3999999999996
2024-07-20,Station 15,Greater Accra,LPG,5541,0.9,0.7,4986.900000000001,3878.7,1108.2000000000007
2024-02-08,Station 2,Greater Accra,Diesel,5209,1.2,1.0,6250.8,5209.0,1041.8000000000002
2024-09-29,Station 12,Ashanti,LPG,992,0.9,0.7,892.8000000000001,694.4,198.4000000000001
2024-08-18,Station 8,Eastern,Diesel,691,1.2,1.0,829.1999999999999,691.0,138.19999999999993
2024-03-26,Station 13,Greater Accra,Petrol,998,1.25,1.05,1247.5,1047.9,199.5999999999999
2024-05-05,Station 3,Western,Diesel,5417,1.2,1.0,6500.4,5417.0,1083.3999999999996
2024-10-26,Station 6,Eastern,Diesel,1756,1.2,1.0,2107.2,1756.0,351.1999999999998
2024-01-25,Station 3,Western,Petrol,2468,1.25,1.05,3085.0,2591.4,493.5999999999999
2024-05-24,Station 14,Western,Diesel,4822,1.2,1.0,5786.4,4822.0,964.3999999999996
2024-01-13,Station 7,Greater Accra,Diesel,5990,1.2,1.0,7188.0,5990.0,1198.0
2024-07-30,Station 10,Eastern,Petrol,2686,1.25,1.05,3357.5,2820.3,537.1999999999998
2024-01-25,Station 9,Central,Diesel,1316,1.2,1.0,1579.2,1316.0,263.20000000000005
2024-03-08,Station 2,Greater Accra,Diesel,3720,1.2,1.0,4464.0,3720.0,744.0
2024-03-07,Station 15,Greater Accra,LPG,1973,0.9,0.7,1775.7,1381.1,394.60000000000014
2024-08-20,Station 12,Eastern,Petrol,1586,1.25,1.05,1982.5,1665.3000000000002,317.1999999999998
2024-04-18,Station 12,Eastern,Petrol,4699,1.25,1.05,5873.75,4933.95,939.8000000000002
2024-05-25,Station 15,Western,Diesel,2374,1.2,1.0,2848.7999999999997,2374.0,474.7999999999997
2024-04-20,Station 14,Eastern,Petrol,1370,1.25,1.05,1712.5,1438.5,274.0
2024-08-15,Station 5,Western,Diesel,5263,1.2,1.0,6315.599999999999,5263.0,1052.5999999999995
2024-04-20,Station 13,Greater Accra,Diesel,2542,1.2,1.0,3050.4,2542.0,508.4000000000001
2024-02-03,Station 6,Ashanti,Petrol,772,1.25,1.05,965.0,810.6,154.39999999999998
2024-04-20,Station 4,Central,Diesel,1529,1.2,1.0,1834.8,1529.0,305.79999999999995
2024-09-20,Station 4,Greater Accra,Diesel,3718,1.2,1.0,4461.599999999999,3718.0,743.5999999999995
2024-08-23,Station 4,Eastern,Petrol,4569,1.25,1.05,5711.25,4797.45,913.8000000000002
2024-03-23,Station 2,Central,LPG,1551,0.9,0.7,1395.9,1085.6999999999998,310.2000000000003
2024-02-11,Station 4,Ashanti,Diesel,4533,1.2,1.0,5439.599999999999,4533.0,906.5999999999995
2024-04-10,Station 11,Ashanti,Diesel,2073,1.2,1.0,2487.6,2073.0,414.5999999999999
2024-01-06,Station 1,Western,Diesel,3690,1.2,1.0,4428.0,3690.0,738.0
2024-06-28,Station 12,Central,Petrol,4888,1.25,1.05,6110.0,5132.400000000001,977.5999999999995
2024-10-08,Station 6,Western,LPG,4297,0.9,0.7,3867.3,3007.8999999999996,859.4000000000005
2024-11-15,Station 1,Greater Accra,Diesel,3789,1.2,1.0,4546.8,3789.0,757.8000000000002
2024-08-13,Station 10,Central,Diesel,4247,1.2,1.0,5096.4,4247.0,849.3999999999996
2024-11-10,Station 6,Greater Accra,LPG,2605,0.9,0.7,2344.5,1823.4999999999998,521.0000000000002
2024-12-30,Station 1,Western,Petrol,5888,1.25,1.05,7360.0,6182.400000000001,1177.5999999999995
2024-08-16,Station 6,Central,Diesel,807,1.2,1.0,968.4,807.0,161.39999999999998
2024-10-15,Station 10,Western,Petrol,3859,1.25,1.05,4823.75,4051.9500000000003,771.7999999999997
2024-05-29,Station 8,Central,Petrol,5572,1.25,1.05,6965.0,5850.6,1114.3999999999996
2024-10-03,Station 11,Western,Petrol,3676,1.25,1.05,4595.0,3859.8,735.1999999999998
2024-07-16,Station 2,Ashanti,LPG,1751,0.9,0.7,1575.9,1225.6999999999998,350.2000000000003
2024-03-10,Station 2,Western,LPG,5866,0.9,0.7,5279.400000000001,4106.2,1173.2000000000007
2024-04-21,Station 14,Ashanti,Diesel,3247,1.2,1.0,3896.3999999999996,3247.0,649.3999999999996
2024-01-04,Station 15,Western,Diesel,2017,1.2,1.0,2420.4,2017.0,403.4000000000001
2024-12-15,Station 13,Central,Diesel,5805,1.2,1.0,6966.0,5805.0,1161.0
2024-11-26,Station 12,Central,LPG,1878,0.9,0.7,1690.2,1314.6,375.60000000000014
2024-11-13,Station 4,Central,Petrol,5391,1.25,1.05,6738.75,5660.55,1078.1999999999998
2024-12-15,Station 11,Eastern,Petrol,5492,1.25,1.05,6865.0,5766.6,1098.3999999999996
2024-04-04,Station 3,Greater Accra,Petrol,2461,1.25,1.05,3076.25,2584.05,492.1999999999998
2024-05-31,Station 4,Central,Diesel,4805,1.2,1.0,5766.0,4805.0,961.0
2024-11-06,Station 13,Ashanti,Diesel,3363,1.2,1.0,4035.6,3363.0,672.5999999999999
2024-05-16,Station 12,Central,Petrol,3156,1.25,1.05,3945.0,3313.8,631.1999999999998
2024-09-03,Station 7,Eastern,Petrol,2994,1.25,1.05,3742.5,3143.7000000000003,598.7999999999997
2024-08-30,Station 13,Ashanti,Diesel,5563,1.2,1.0,6675.599999999999,5563.0,1112.5999999999995
2024-01-31,Station 11,Eastern,Petrol,5067,1.25,1.05,6333.75,5320.35,1013.3999999999996
2024-02-09,Station 1,Ashanti,Diesel,4505,1.2,1.0,5406.0,4505.0,901.0
2024-08-16,Station 6,Western,LPG,4063,0.9,0.7,3656.7000000000003,2844.1,812.6000000000004
2024-02-05,Station 15,Greater Accra,Petrol,1422,1.25,1.05,1777.5,1493.1000000000001,284.39999999999986
2024-08-10,Station 15,Greater Accra,Petrol,4732,1.25,1.05,5915.0,4968.6,946.3999999999996
2024-01-06,Station 3,Eastern,Diesel,4962,1.2,1.0,5954.4,4962.0,992.3999999999996
2024-11-17,Station 11,Greater Accra,Diesel,3459,1.2,1.0,4150.8,3459.0,691.8000000000002
2024-08-07,Station 10,Eastern,Diesel,683,1.2,1.0,819.6,683.0,136.60000000000002
2024-03-15,Station 7,Eastern,LPG,3858,0.9,0.7,3472.2000000000003,2700.6,771.6000000000004
2024-01-04,Station 10,Eastern,Petrol,1898,1.25,1.05,2372.5,1992.9,379.5999999999999
2024-11-30,Station 2,Greater Accra,Diesel,3296,1.2,1.0,3955.2,3296.0,659.1999999999998
2024-05-13,Station 14,Eastern,Diesel,1036,1.2,1.0,1243.2,1036.0,207.20000000000005
2024-04-27,Station 2,Greater Accra,LPG,1773,0.9,0.7,1595.7,1241.1,354.60000000000014
2024-04-03,Station 13,Eastern,Petrol,3467,1.25,1.05,4333.75,3640.3500000000004,693.3999999999996
2024-03-02,Station 4,Central,Diesel,3549,1.2,1.0,4258.8,3549.0,709.8000000000002
2024-07-12,Station 1,Eastern,Diesel,1596,1.2,1.0,1915.1999999999998,1596.0,319.1999999999998
2024-11-30,Station 3,Ashanti,Petrol,1805,1.25,1.05,2256.25,1895.25,361.0
2024-07-21,Station 13,Eastern,Petrol,1415,1.25,1.05,1768.75,1485.75,283.0
2024-01-26,Station 9,Western,LPG,3581,0.9,0.7,3222.9,2506.7,716.2000000000003
2024-06-21,Station 7,Eastern,Petrol,4747,1.25,1.05,5933.75,4984.35,949.3999999999996
2024-10-26,Station 15,Ashanti,Petrol,1528,1.25,1.05,1910.0,1604.4,305.5999999999999
2024-05-12,Station 7,Ashanti,Petrol,5814,1.25,1.05,7267.5,6104.7,1162.8000000000002
2024-11-21,Station 13,Greater Accra,LPG,2477,0.9,0.7,2229.3,1733.8999999999999,495.4000000000003
2024-04-27,Station 13,Central,Diesel,3854,1.2,1.0,4624.8,3854.0,770.8000000000002
2024-11-19,Station 11,Eastern,Diesel,3011,1.2,1.0,3613.2,3011.0,602.1999999999998
2024-10-01,Station 4,Greater Accra,Petrol,770,1.25,1.05,962.5,808.5,154.0
2024-07-30,Station 2,Central,Diesel,1686,1.2,1.0,2023.1999999999998,1686.0,337.1999999999998
2024-08-12,Station 15,Eastern,Diesel,5055,1.2,1.0,6066.0,5055.0,1011.0
2024-01-20,Station 14,Western,Diesel,4700,1.2,1.0,5640.0,4700.0,940.0
2024-04-22,Station 4,Eastern,LPG,4264,0.9,0.7,3837.6,2984.7999999999997,852.8000000000002
2024-05-19,Station 6,Ashanti,Petrol,2898,1.25,1.05,3622.5,3042.9,579.5999999999999
2024-02-16,Station 11,Ashanti,Diesel,5029,1.2,1.0,6034.8,5029.0,1005.8000000000002
2024-01-01,Station 11,Western,Petrol,4735,1.25,1.05,5918.75,4971.75,947.0
2024-03-30,Station 3,Greater Accra,Diesel,4682,1.2,1.0,5618.4,4682.0,936.3999999999996
2024-05-21,Station 1,Central,Petrol,2211,1.25,1.05,2763.75,2321.55,442.1999999999998
2024-11-15,Station 14,Eastern,Petrol,2730,1.25,1.05,3412.5,2866.5,546.0
2024-02-07,Station 12,Ashanti,Petrol,628,1.25,1.05,785.0,659.4,125.60000000000002
2024-10-19,Station 8,Greater Accra,Diesel,1769,1.2,1.0,2122.7999999999997,1769.0,353.7999999999997
2024-05-18,Station 12,Western,Petrol,4172,1.25,1.05,5215.0,4380.6,834.3999999999996
